,Name,Date,Departure,Arrival,Source,Destination,Stops,Duration,Price
0,Go First,19 May,02:40,04:55,New Delhi,Mumbai,Non Stop,2h 15m,"2,410"
1,Air India,19 May,07:00,09:05,New Delhi,Mumbai,Non Stop,2h 05m,"2,476"
2,Air India,19 May,13:00,15:10,New Delhi,Mumbai,Non Stop,2h 10m,"2,476"
3,Air India,19 May,09:00,11:15,New Delhi,Mumbai,Non Stop,2h 15m,"2,476"
4,Air India,19 May,17:50,21:35,New Delhi,Mumbai,1 Stop,3h 45m,"2,476"
5,Go First,19 May,20:50,23:20,New Delhi,Mumbai,Non Stop,2h 30m,"2,790"
6,Air India,19 May,14:30,18:00,New Delhi,Mumbai,1 Stop,3h 30m,"2,791"
7,Air Asia,19 May,04:25,06:35,New Delhi,Mumbai,Non Stop,2h 10m,"3,000"
8,Air Asia,19 May,20:00,22:15,New Delhi,Mumbai,Non Stop,2h 15m,"3,000"
9,SpiceJet,13 Mar,19:45,01:00 + 1 day,New Delhi,Goa,1 Stop,5h 15m,"3,463"
10,SpiceJet,13 Mar,07:20,01:00 + 1 day,New Delhi,Goa,1 Stop,17h 40m,"3,463"
11,Air Asia,13 Mar,20:45,07:00 + 1 day,New Delhi,Goa,1 Stop,10h 15m,"3,706"
12,Air Asia,13 Mar,08:00,22:00,New Delhi,Goa,1 Stop,14h 00m,"3,706"
13,Go First,13 Mar,22:30,06:10 + 1 day,New Delhi,Goa,1 Stop,7h 40m,"3,894"
14,Air India,13 Mar,10:40,22:25,New Delhi,Goa,1 Stop,11h 45m,"3,988"
15,Air India,13 Mar,09:00,22:25,New Delhi,Goa,1 Stop,13h 25m,"3,988"
16,Air India,13 Mar,08:00,22:25,New Delhi,Goa,1 Stop,14h 25m,"3,988"
17,Air India,13 Mar,07:00,22:25,New Delhi,Goa,1 Stop,15h 25m,"3,988"
18,SpiceJet,13 Mar,06:20,17:05,New Delhi,Goa,1 Stop,10h 45m,"3,991"
19,Air Asia,8 Mar,09:35,15:05,New Delhi,Chennai,1 Stop,5h 30m,"1,998"
20,Air Asia,8 Mar,08:00,13:45,New Delhi,Chennai,1 Stop,5h 45m,"1,998"
21,Air Asia,8 Mar,15:30,21:25,New Delhi,Chennai,1 Stop,5h 55m,"1,998"
22,Air Asia,8 Mar,16:50,23:15,New Delhi,Chennai,1 Stop,6h 25m,"1,998"
23,Air Asia,8 Mar,08:00,15:05,New Delhi,Chennai,1 Stop,7h 05m,"1,998"
24,Air Asia,8 Mar,09:35,17:25,New Delhi,Chennai,1 Stop,7h 50m,"1,998"
25,Air Asia,8 Mar,08:00,17:25,New Delhi,Chennai,1 Stop,9h 25m,"1,998"
26,Air Asia,8 Mar,11:55,21:25,New Delhi,Chennai,1 Stop,9h 30m,"1,998"
27,SpiceJet,8 Mar,05:45,08:40,New Delhi,Chennai,Non Stop,2h 55m,"2,336"
28,SpiceJet,8 Mar,05:45,08:40,New Delhi,Chennai,Non Stop,2h 55m,"2,336"
29,Air Asia,10 Mar,16:15,23:15,New Delhi,Bangalore,2 Stop(s),7h 00m,"3,177"
30,Air Asia,10 Mar,15:25,20:50,New Delhi,Bangalore,1 Stop,5h 25m,"4,000"
31,Air Asia,10 Mar,08:20,14:40,New Delhi,Bangalore,1 Stop,6h 20m,"4,000"
32,Air Asia,10 Mar,06:20,13:45,New Delhi,Bangalore,1 Stop,7h 25m,"4,000"
33,Air Asia,10 Mar,11:55,19:20,New Delhi,Bangalore,1 Stop,7h 25m,"4,000"
34,Air Asia,10 Mar,16:50,00:20 + 1 day,New Delhi,Bangalore,1 Stop,7h 30m,"4,000"
35,Air Asia,10 Mar,04:45,12:20,New Delhi,Bangalore,1 Stop,7h 35m,"4,000"
36,Air Asia,10 Mar,15:30,23:30,New Delhi,Bangalore,2 Stop(s),8h 00m,"4,000"
37,Go First,10 Mar,02:00,07:40,New Delhi,Bangalore,1 Stop,5h 40m,"4,020"
38,Go First,10 Mar,08:00,16:10,New Delhi,Bangalore,1 Stop,8h 10m,"4,020"
39,Air Asia,10 Mar,08:00,15:35,New Delhi,Hyderabad,1 Stop,7h 35m,"2,050"
40,Air Asia,10 Mar,08:00,17:45,New Delhi,Hyderabad,1 Stop,9h 45m,"2,050"
41,Air Asia,10 Mar,09:35,15:35,New Delhi,Hyderabad,1 Stop,6h 00m,"2,465"
42,Air Asia,10 Mar,09:35,17:45,New Delhi,Hyderabad,1 Stop,8h 10m,"2,465"
43,Air Asia,10 Mar,21:00,06:45 + 1 day,New Delhi,Hyderabad,1 Stop,9h 45m,"2,465"
44,Air India,10 Mar,09:45,11:55,New Delhi,Hyderabad,Non Stop,2h 10m,"3,015"
45,Air India,10 Mar,21:25,23:35,New Delhi,Hyderabad,Non Stop,2h 10m,"3,015"
46,Air India,10 Mar,08:10,10:30,New Delhi,Hyderabad,Non Stop,2h 20m,"3,015"
47,IndiGo,10 Mar,06:45,09:00,New Delhi,Hyderabad,Non Stop,2h 15m,"3,200"
48,IndiGo,10 Mar,07:55,10:10,New Delhi,Hyderabad,Non Stop,2h 15m,"3,200"
49,Air Asia,9 Mar,09:35,19:15,New Delhi,Kolkata,2 Stop(s),9h 40m,"2,480"
50,Air Asia,9 Mar,08:00,19:15,New Delhi,Kolkata,2 Stop(s),11h 15m,"2,480"
51,Air Asia,9 Mar,06:20,12:00,New Delhi,Kolkata,1 Stop,5h 40m,"3,427"
52,Air Asia,9 Mar,19:00,01:35 + 1 day,New Delhi,Kolkata,1 Stop,6h 35m,"3,427"
53,Air Asia,9 Mar,15:25,23:10,New Delhi,Kolkata,2 Stop(s),7h 45m,"3,427"
54,Air Asia,9 Mar,09:35,19:45,New Delhi,Kolkata,1 Stop,10h 10m,"3,427"
55,Air Asia,9 Mar,09:35,21:05,New Delhi,Kolkata,1 Stop,11h 30m,"3,427"
56,Air Asia,9 Mar,08:00,19:45,New Delhi,Kolkata,1 Stop,11h 45m,"3,427"
57,IndiGo,9 Mar,16:45,22:55,New Delhi,Kolkata,1 Stop,6h 10m,"3,677"
58,SpiceJet,9 Mar,07:25,21:30,New Delhi,Kolkata,1 Stop,14h 05m,"3,882"
59,IndiGo,8 Mar,06:25,07:55,New Delhi,Patna,Non Stop,1h 30m,"2,190"
60,IndiGo,8 Mar,08:55,10:30,New Delhi,Patna,Non Stop,1h 35m,"2,190"
61,Air India,8 Mar,10:35,12:10,New Delhi,Patna,Non Stop,1h 35m,"2,190"
62,IndiGo,8 Mar,18:10,19:45,New Delhi,Patna,Non Stop,1h 35m,"2,190"
63,Go First,8 Mar,06:05,07:45,New Delhi,Patna,Non Stop,1h 40m,"2,190"
64,IndiGo,8 Mar,16:05,17:45,New Delhi,Patna,Non Stop,1h 40m,"2,190"
65,IndiGo,8 Mar,20:00,21:40,New Delhi,Patna,Non Stop,1h 40m,"2,190"
66,IndiGo,8 Mar,13:15,15:00,New Delhi,Patna,Non Stop,1h 45m,"2,190"
67,IndiGo,8 Mar,17:30,19:15,New Delhi,Patna,Non Stop,1h 45m,"2,190"
68,Vistara,8 Mar,18:15,19:55,New Delhi,Patna,Non Stop,1h 40m,"2,196"
69,IndiGo,23 Mar,05:15,13:50,New Delhi,Pune,1 Stop,8h 35m,"2,197"
70,Air Asia,23 Mar,15:25,17:25,New Delhi,Pune,Non Stop,2h 00m,"2,246"
71,IndiGo,23 Mar,02:15,04:20,New Delhi,Pune,Non Stop,2h 05m,"2,246"
72,IndiGo,23 Mar,04:50,06:55,New Delhi,Pune,Non Stop,2h 05m,"2,246"
73,Air Asia,23 Mar,22:55,01:00 + 1 day,New Delhi,Pune,Non Stop,2h 05m,"2,246"
74,Air India,23 Mar,04:30,06:35,New Delhi,Pune,Non Stop,2h 05m,"2,247"
75,Air India,23 Mar,16:00,18:10,New Delhi,Pune,Non Stop,2h 10m,"2,247"
76,Vistara,23 Mar,14:15,16:20,New Delhi,Pune,Non Stop,2h 05m,"2,270"
77,Vistara,23 Mar,05:55,08:05,New Delhi,Pune,Non Stop,2h 10m,"2,270"
78,IndiGo,23 Mar,13:25,15:40,New Delhi,Pune,Non Stop,2h 15m,"2,480"
79,Air Asia,12 Mar,05:25,18:30,New Delhi,Guwahati,2 Stop(s),13h 05m,"2,900"
80,SpiceJet,12 Mar,10:15,12:35,New Delhi,Guwahati,Non Stop,2h 20m,"4,498"
81,SpiceJet,12 Mar,18:55,21:30,New Delhi,Guwahati,Non Stop,2h 35m,"4,498"
82,IndiGo,12 Mar,12:45,14:55,New Delhi,Guwahati,Non Stop,2h 10m,"4,500"
83,Go First,12 Mar,12:40,15:00,New Delhi,Guwahati,Non Stop,2h 20m,"4,500"
84,Go First,12 Mar,13:00,15:20,New Delhi,Guwahati,Non Stop,2h 20m,"4,500"
85,IndiGo,12 Mar,15:30,17:50,New Delhi,Guwahati,Non Stop,2h 20m,"4,500"
86,Vistara,12 Mar,09:40,12:05,New Delhi,Guwahati,Non Stop,2h 25m,"4,500"
87,Air Asia,12 Mar,18:45,21:10,New Delhi,Guwahati,Non Stop,2h 25m,"4,500"
88,Vistara,12 Mar,15:00,17:30,New Delhi,Guwahati,Non Stop,2h 30m,"4,500"
89,Go First,19 May,02:40,04:55,New Delhi,Mumbai,Non Stop,2h 15m,"2,410"
90,Air India,19 May,07:00,09:05,New Delhi,Mumbai,Non Stop,2h 05m,"2,476"
91,Air India,19 May,13:00,15:10,New Delhi,Mumbai,Non Stop,2h 10m,"2,476"
92,Air India,19 May,09:00,11:15,New Delhi,Mumbai,Non Stop,2h 15m,"2,476"
93,Air India,19 May,17:50,21:35,New Delhi,Mumbai,1 Stop,3h 45m,"2,476"
94,Go First,19 May,20:50,23:20,New Delhi,Mumbai,Non Stop,2h 30m,"2,790"
95,Air India,19 May,14:30,18:00,New Delhi,Mumbai,1 Stop,3h 30m,"2,791"
96,Air Asia,19 May,04:25,06:35,New Delhi,Mumbai,Non Stop,2h 10m,"3,000"
97,Air Asia,19 May,20:00,22:15,New Delhi,Mumbai,Non Stop,2h 15m,"3,000"
98,SpiceJet,13 Mar,19:45,01:00 + 1 day,New Delhi,Goa,1 Stop,5h 15m,"3,463"
99,SpiceJet,13 Mar,07:20,01:00 + 1 day,New Delhi,Goa,1 Stop,17h 40m,"3,463"
100,Air Asia,13 Mar,20:45,07:00 + 1 day,New Delhi,Goa,1 Stop,10h 15m,"3,706"
101,Air Asia,13 Mar,08:00,22:00,New Delhi,Goa,1 Stop,14h 00m,"3,706"
102,Go First,13 Mar,22:30,06:10 + 1 day,New Delhi,Goa,1 Stop,7h 40m,"3,894"
103,Air India,13 Mar,10:40,22:25,New Delhi,Goa,1 Stop,11h 45m,"3,988"
104,Air India,13 Mar,09:00,22:25,New Delhi,Goa,1 Stop,13h 25m,"3,988"
105,Air India,13 Mar,08:00,22:25,New Delhi,Goa,1 Stop,14h 25m,"3,988"
106,Air India,13 Mar,07:00,22:25,New Delhi,Goa,1 Stop,15h 25m,"3,988"
107,SpiceJet,13 Mar,06:20,17:05,New Delhi,Goa,1 Stop,10h 45m,"3,991"
108,Air Asia,8 Mar,09:35,15:05,New Delhi,Chennai,1 Stop,5h 30m,"1,998"
109,Air Asia,8 Mar,08:00,13:45,New Delhi,Chennai,1 Stop,5h 45m,"1,998"
110,Air Asia,8 Mar,15:30,21:25,New Delhi,Chennai,1 Stop,5h 55m,"1,998"
111,Air Asia,8 Mar,16:50,23:15,New Delhi,Chennai,1 Stop,6h 25m,"1,998"
112,Air Asia,8 Mar,08:00,15:05,New Delhi,Chennai,1 Stop,7h 05m,"1,998"
113,Air Asia,8 Mar,09:35,17:25,New Delhi,Chennai,1 Stop,7h 50m,"1,998"
114,Air Asia,8 Mar,08:00,17:25,New Delhi,Chennai,1 Stop,9h 25m,"1,998"
115,Air Asia,8 Mar,11:55,21:25,New Delhi,Chennai,1 Stop,9h 30m,"1,998"
116,SpiceJet,8 Mar,05:45,08:40,New Delhi,Chennai,Non Stop,2h 55m,"2,336"
117,SpiceJet,8 Mar,05:45,08:40,New Delhi,Chennai,Non Stop,2h 55m,"2,336"
118,Air Asia,10 Mar,16:15,23:15,New Delhi,Bangalore,2 Stop(s),7h 00m,"3,177"
119,Air Asia,10 Mar,15:25,20:50,New Delhi,Bangalore,1 Stop,5h 25m,"4,000"
120,Air Asia,10 Mar,08:20,14:40,New Delhi,Bangalore,1 Stop,6h 20m,"4,000"
121,Air Asia,10 Mar,06:20,13:45,New Delhi,Bangalore,1 Stop,7h 25m,"4,000"
122,Air Asia,10 Mar,11:55,19:20,New Delhi,Bangalore,1 Stop,7h 25m,"4,000"
123,Air Asia,10 Mar,16:50,00:20 + 1 day,New Delhi,Bangalore,1 Stop,7h 30m,"4,000"
124,Air Asia,10 Mar,04:45,12:20,New Delhi,Bangalore,1 Stop,7h 35m,"4,000"
125,Air Asia,10 Mar,15:30,23:30,New Delhi,Bangalore,2 Stop(s),8h 00m,"4,000"
126,Go First,10 Mar,02:00,07:40,New Delhi,Bangalore,1 Stop,5h 40m,"4,020"
127,Go First,10 Mar,08:00,16:10,New Delhi,Bangalore,1 Stop,8h 10m,"4,020"
128,Air Asia,10 Mar,08:00,15:35,New Delhi,Hyderabad,1 Stop,7h 35m,"2,050"
129,Air Asia,10 Mar,08:00,17:45,New Delhi,Hyderabad,1 Stop,9h 45m,"2,050"
130,Air Asia,10 Mar,09:35,15:35,New Delhi,Hyderabad,1 Stop,6h 00m,"2,465"
131,Air Asia,10 Mar,09:35,17:45,New Delhi,Hyderabad,1 Stop,8h 10m,"2,465"
132,Air Asia,10 Mar,21:00,06:45 + 1 day,New Delhi,Hyderabad,1 Stop,9h 45m,"2,465"
133,Air India,10 Mar,09:45,11:55,New Delhi,Hyderabad,Non Stop,2h 10m,"3,015"
134,Air India,10 Mar,21:25,23:35,New Delhi,Hyderabad,Non Stop,2h 10m,"3,015"
135,Air India,10 Mar,08:10,10:30,New Delhi,Hyderabad,Non Stop,2h 20m,"3,015"
136,IndiGo,10 Mar,06:45,09:00,New Delhi,Hyderabad,Non Stop,2h 15m,"3,200"
137,IndiGo,10 Mar,07:55,10:10,New Delhi,Hyderabad,Non Stop,2h 15m,"3,200"
138,Air Asia,9 Mar,09:35,19:15,New Delhi,Kolkata,2 Stop(s),9h 40m,"2,480"
139,Air Asia,9 Mar,08:00,19:15,New Delhi,Kolkata,2 Stop(s),11h 15m,"2,480"
140,Air Asia,9 Mar,06:20,12:00,New Delhi,Kolkata,1 Stop,5h 40m,"3,427"
141,Air Asia,9 Mar,19:00,01:35 + 1 day,New Delhi,Kolkata,1 Stop,6h 35m,"3,427"
142,Air Asia,9 Mar,15:25,23:10,New Delhi,Kolkata,2 Stop(s),7h 45m,"3,427"
143,Air Asia,9 Mar,09:35,19:45,New Delhi,Kolkata,1 Stop,10h 10m,"3,427"
144,Air Asia,9 Mar,09:35,21:05,New Delhi,Kolkata,1 Stop,11h 30m,"3,427"
145,Air Asia,9 Mar,08:00,19:45,New Delhi,Kolkata,1 Stop,11h 45m,"3,427"
146,IndiGo,9 Mar,16:45,22:55,New Delhi,Kolkata,1 Stop,6h 10m,"3,677"
147,SpiceJet,9 Mar,07:25,21:30,New Delhi,Kolkata,1 Stop,14h 05m,"3,882"
148,IndiGo,8 Mar,06:25,07:55,New Delhi,Patna,Non Stop,1h 30m,"2,190"
149,IndiGo,8 Mar,08:55,10:30,New Delhi,Patna,Non Stop,1h 35m,"2,190"
150,Air India,8 Mar,10:35,12:10,New Delhi,Patna,Non Stop,1h 35m,"2,190"
151,IndiGo,8 Mar,18:10,19:45,New Delhi,Patna,Non Stop,1h 35m,"2,190"
152,Go First,8 Mar,06:05,07:45,New Delhi,Patna,Non Stop,1h 40m,"2,190"
153,IndiGo,8 Mar,16:05,17:45,New Delhi,Patna,Non Stop,1h 40m,"2,190"
154,IndiGo,8 Mar,20:00,21:40,New Delhi,Patna,Non Stop,1h 40m,"2,190"
155,IndiGo,8 Mar,13:15,15:00,New Delhi,Patna,Non Stop,1h 45m,"2,190"
156,IndiGo,8 Mar,17:30,19:15,New Delhi,Patna,Non Stop,1h 45m,"2,190"
157,Vistara,8 Mar,18:15,19:55,New Delhi,Patna,Non Stop,1h 40m,"2,196"
158,IndiGo,23 Mar,05:15,13:50,New Delhi,Pune,1 Stop,8h 35m,"2,197"
159,Air Asia,23 Mar,15:25,17:25,New Delhi,Pune,Non Stop,2h 00m,"2,246"
160,IndiGo,23 Mar,02:15,04:20,New Delhi,Pune,Non Stop,2h 05m,"2,246"
161,IndiGo,23 Mar,04:50,06:55,New Delhi,Pune,Non Stop,2h 05m,"2,246"
162,Air Asia,23 Mar,22:55,01:00 + 1 day,New Delhi,Pune,Non Stop,2h 05m,"2,246"
163,Air India,23 Mar,04:30,06:35,New Delhi,Pune,Non Stop,2h 05m,"2,247"
164,Air India,23 Mar,16:00,18:10,New Delhi,Pune,Non Stop,2h 10m,"2,247"
165,Vistara,23 Mar,14:15,16:20,New Delhi,Pune,Non Stop,2h 05m,"2,270"
166,Vistara,23 Mar,05:55,08:05,New Delhi,Pune,Non Stop,2h 10m,"2,270"
167,IndiGo,23 Mar,13:25,15:40,New Delhi,Pune,Non Stop,2h 15m,"2,480"
168,Air Asia,12 Mar,05:25,18:30,New Delhi,Guwahati,2 Stop(s),13h 05m,"2,900"
169,SpiceJet,12 Mar,10:15,12:35,New Delhi,Guwahati,Non Stop,2h 20m,"4,498"
170,SpiceJet,12 Mar,18:55,21:30,New Delhi,Guwahati,Non Stop,2h 35m,"4,498"
171,IndiGo,12 Mar,12:45,14:55,New Delhi,Guwahati,Non Stop,2h 10m,"4,500"
172,Go First,12 Mar,12:40,15:00,New Delhi,Guwahati,Non Stop,2h 20m,"4,500"
173,Go First,12 Mar,13:00,15:20,New Delhi,Guwahati,Non Stop,2h 20m,"4,500"
174,IndiGo,12 Mar,15:30,17:50,New Delhi,Guwahati,Non Stop,2h 20m,"4,500"
175,Vistara,12 Mar,09:40,12:05,New Delhi,Guwahati,Non Stop,2h 25m,"4,500"
176,Air Asia,12 Mar,18:45,21:10,New Delhi,Guwahati,Non Stop,2h 25m,"4,500"
177,Vistara,12 Mar,15:00,17:30,New Delhi,Guwahati,Non Stop,2h 30m,"4,500"
178,IndiGo,26 Mar,17:55,20:15,Mumbai,Varanasi,Non Stop,2h 20m,"3,402"
179,IndiGo,26 Mar,11:45,16:50,Mumbai,Varanasi,1 Stop,5h 05m,"3,402"
180,IndiGo,26 Mar,06:00,11:55,Mumbai,Varanasi,1 Stop,5h 55m,"3,402"
181,IndiGo,26 Mar,10:05,16:50,Mumbai,Varanasi,1 Stop,6h 45m,"3,402"
182,IndiGo,26 Mar,08:30,16:50,Mumbai,Varanasi,1 Stop,8h 20m,"3,402"
183,IndiGo,26 Mar,03:05,11:55,Mumbai,Varanasi,1 Stop,8h 50m,"3,402"
184,IndiGo,26 Mar,07:45,16:50,Mumbai,Varanasi,1 Stop,9h 05m,"3,402"
185,IndiGo,26 Mar,07:05,16:50,Mumbai,Varanasi,1 Stop,9h 45m,"3,402"
186,IndiGo,26 Mar,06:00,16:50,Mumbai,Varanasi,1 Stop,10h 50m,"3,402"
187,IndiGo,26 Mar,10:05,21:35,Mumbai,Varanasi,1 Stop,11h 30m,"3,402"
188,Air Asia,27 Mar,21:20,03:20 + 1 day,Mumbai,New Delhi,1 Stop,6h 00m,"2,336"
189,Air Asia,27 Mar,17:50,01:00 + 1 day,Mumbai,New Delhi,1 Stop,7h 10m,"2,336"
190,Air Asia,27 Mar,20:10,03:20 + 1 day,Mumbai,New Delhi,1 Stop,7h 10m,"2,336"
191,Air Asia,27 Mar,20:10,03:20 + 1 day,Mumbai,New Delhi,1 Stop,7h 10m,"2,336"
192,IndiGo,27 Mar,22:20,00:35 + 1 day,Mumbai,New Delhi,Non Stop,2h 15m,"2,339"
193,IndiGo,27 Mar,13:40,17:45,Mumbai,New Delhi,1 Stop,4h 05m,"2,339"
194,IndiGo,27 Mar,16:45,20:55,Mumbai,New Delhi,1 Stop,4h 10m,"2,339"
195,IndiGo,27 Mar,09:40,17:45,Mumbai,New Delhi,1 Stop,8h 05m,"2,339"
196,IndiGo,27 Mar,00:30,09:25,Mumbai,New Delhi,1 Stop,8h 55m,"2,339"
197,IndiGo,27 Mar,13:40,23:05,Mumbai,New Delhi,1 Stop,9h 25m,"2,339"
198,IndiGo,5 Apr,05:00,09:45,Mumbai,Chandigarh,1 Stop,4h 45m,"3,252"
199,IndiGo,5 Apr,07:05,12:35,Mumbai,Chandigarh,1 Stop,5h 30m,"3,252"
200,IndiGo,5 Apr,06:15,12:35,Mumbai,Chandigarh,1 Stop,6h 20m,"3,252"
201,IndiGo,5 Apr,07:00,13:40,Mumbai,Chandigarh,1 Stop,6h 40m,"3,252"
202,IndiGo,5 Apr,02:40,09:45,Mumbai,Chandigarh,1 Stop,7h 05m,"3,252"
203,IndiGo,5 Apr,05:45,13:40,Mumbai,Chandigarh,1 Stop,7h 55m,"3,252"
204,IndiGo,5 Apr,07:45,15:45,Mumbai,Chandigarh,1 Stop,8h 00m,"3,252"
205,IndiGo,5 Apr,07:00,15:45,Mumbai,Chandigarh,1 Stop,8h 45m,"3,252"
206,IndiGo,5 Apr,05:35,15:05,Mumbai,Chandigarh,1 Stop,9h 30m,"3,252"
207,IndiGo,5 Apr,06:05,15:45,Mumbai,Chandigarh,1 Stop,9h 40m,"3,252"
208,Air India,13 Mar,21:00,22:25,Mumbai,Goa,Non Stop,1h 25m,"1,890"
209,Go First,13 Mar,04:55,06:10,Mumbai,Goa,Non Stop,1h 15m,"1,998"
210,Go First,13 Mar,22:05,23:25,Mumbai,Goa,Non Stop,1h 20m,"1,998"
211,Air Asia,13 Mar,23:35,00:35 + 1 day,Mumbai,Goa,Non Stop,1h 00m,"2,000"
212,IndiGo,13 Mar,16:55,18:00,Mumbai,Goa,Non Stop,1h 05m,"2,000"
213,Air Asia,13 Mar,04:45,05:55,Mumbai,Goa,Non Stop,1h 10m,"2,000"
214,IndiGo,13 Mar,05:15,06:25,Mumbai,Goa,Non Stop,1h 10m,"2,000"
215,IndiGo,13 Mar,21:50,23:00,Mumbai,Goa,Non Stop,1h 10m,"2,000"
216,IndiGo,13 Mar,23:45,00:55 + 1 day,Mumbai,Goa,Non Stop,1h 10m,"2,000"
217,SpiceJet,13 Mar,23:45,01:00 + 1 day,Mumbai,Goa,Non Stop,1h 15m,"2,192"
218,IndiGo,4 May,16:55,22:55,Mumbai,Kolkata,1 Stop,6h 00m,"2,835"
219,IndiGo,4 May,07:05,13:20,Mumbai,Kolkata,1 Stop,6h 15m,"2,835"
220,IndiGo,4 May,16:25,23:00,Mumbai,Kolkata,1 Stop,6h 35m,"2,835"
221,IndiGo,4 May,16:00,22:55,Mumbai,Kolkata,1 Stop,6h 55m,"2,835"
222,Air India,4 May,05:25,13:55,Mumbai,Kolkata,1 Stop,8h 30m,"3,932"
223,Air India,4 May,20:25,08:15 + 1 day,Mumbai,Kolkata,1 Stop,11h 50m,"3,938"
224,IndiGo,4 May,05:50,10:20,Mumbai,Kolkata,1 Stop,4h 30m,"3,980"
225,IndiGo,4 May,12:20,18:10,Mumbai,Kolkata,1 Stop,5h 50m,"3,980"
226,IndiGo,4 May,16:35,23:15,Mumbai,Kolkata,1 Stop,6h 40m,"3,980"
227,IndiGo,4 May,12:45,19:30,Mumbai,Kolkata,1 Stop,6h 45m,"3,980"
228,SpiceJet,23 Mar,10:15,19:00,Mumbai,Dehradun,1 Stop,8h 45m,"3,725"
229,SpiceJet,23 Mar,21:45,07:55 + 1 day,Mumbai,Dehradun,1 Stop,10h 10m,"3,725"
230,SpiceJet,23 Mar,07:10,19:00,Mumbai,Dehradun,1 Stop,11h 50m,"3,725"
231,SpiceJet,23 Mar,19:25,07:55 + 1 day,Mumbai,Dehradun,1 Stop,12h 30m,"3,725"
232,SpiceJet,23 Mar,21:45,19:00 + 1 day,Mumbai,Dehradun,1 Stop,21h 15m,"3,725"
233,SpiceJet,23 Mar,10:15,07:55 + 1 day,Mumbai,Dehradun,1 Stop,21h 40m,"3,725"
234,SpiceJet,23 Mar,19:25,19:00 + 1 day,Mumbai,Dehradun,1 Stop,23h 35m,"3,725"
235,SpiceJet,23 Mar,07:10,07:55 + 1 day,Mumbai,Dehradun,1 Stop,24h 45m,"3,725"
236,IndiGo,23 Mar,03:05,08:20,Mumbai,Dehradun,1 Stop,5h 15m,"3,913"
237,IndiGo,23 Mar,20:30,07:10 + 1 day,Mumbai,Dehradun,1 Stop,10h 40m,"3,913"
238,IndiGo,28 Mar,16:00,21:00,Mumbai,Bangalore,1 Stop,5h 00m,"2,075"
239,IndiGo,28 Mar,20:00,01:00 + 1 day,Mumbai,Bangalore,1 Stop,5h 00m,"2,075"
240,IndiGo,28 Mar,18:45,00:45 + 1 day,Mumbai,Bangalore,1 Stop,6h 00m,"2,075"
241,IndiGo,28 Mar,18:30,01:00 + 1 day,Mumbai,Bangalore,1 Stop,6h 30m,"2,075"
242,IndiGo,28 Mar,12:25,19:00,Mumbai,Bangalore,1 Stop,6h 35m,"2,075"
243,IndiGo,28 Mar,12:45,19:25,Mumbai,Bangalore,1 Stop,6h 40m,"2,075"
244,IndiGo,28 Mar,16:55,01:00 + 1 day,Mumbai,Bangalore,1 Stop,8h 05m,"2,075"
245,IndiGo,28 Mar,12:45,21:00,Mumbai,Bangalore,1 Stop,8h 15m,"2,075"
246,IndiGo,28 Mar,10:50,19:25,Mumbai,Bangalore,1 Stop,8h 35m,"2,075"
247,Air Asia,28 Mar,20:10,21:55,Mumbai,Bangalore,Non Stop,1h 45m,"2,124"
248,Air Asia,7 Mar,13:05,20:55,Mumbai,Kochi,1 Stop,7h 50m,"5,941"
249,Air Asia,7 Mar,21:20,07:00 + 1 day,Mumbai,Kochi,1 Stop,9h 40m,"5,941"
250,Air Asia,7 Mar,13:05,22:50,Mumbai,Kochi,1 Stop,9h 45m,"5,941"
251,Air Asia,7 Mar,20:10,07:00 + 1 day,Mumbai,Kochi,1 Stop,10h 50m,"5,941"
252,Air Asia,7 Mar,07:55,22:50,Mumbai,Kochi,2 Stop(s),14h 55m,"5,941"
253,Go First,7 Mar,14:35,23:15,Mumbai,Kochi,1 Stop,8h 40m,"5,942"
254,IndiGo,7 Mar,13:10,15:10,Mumbai,Kochi,Non Stop,2h 00m,"5,943"
255,IndiGo,7 Mar,01:15,07:00,Mumbai,Kochi,1 Stop,5h 45m,"5,943"
256,IndiGo,7 Mar,04:35,13:10,Mumbai,Kochi,1 Stop,8h 35m,"5,943"
257,IndiGo,7 Mar,01:15,10:55,Mumbai,Kochi,1 Stop,9h 40m,"5,943"
258,IndiGo,1 Apr,09:30,15:50,Mumbai,Coimbatore,1 Stop,6h 20m,"2,600"
259,IndiGo,1 Apr,07:15,13:40,Mumbai,Coimbatore,1 Stop,6h 25m,"2,600"
260,IndiGo,1 Apr,08:30,15:50,Mumbai,Coimbatore,1 Stop,7h 20m,"2,600"
261,IndiGo,1 Apr,07:45,15:50,Mumbai,Coimbatore,1 Stop,8h 05m,"2,600"
262,IndiGo,1 Apr,07:15,15:40,Mumbai,Coimbatore,1 Stop,8h 25m,"2,600"
263,IndiGo,1 Apr,05:05,13:40,Mumbai,Coimbatore,1 Stop,8h 35m,"2,600"
264,IndiGo,1 Apr,07:00,15:50,Mumbai,Coimbatore,1 Stop,8h 50m,"2,600"
265,IndiGo,1 Apr,05:45,15:50,Mumbai,Coimbatore,1 Stop,10h 05m,"2,600"
266,IndiGo,1 Apr,07:15,17:20,Mumbai,Coimbatore,1 Stop,10h 05m,"2,600"
267,IndiGo,1 Apr,05:05,15:40,Mumbai,Coimbatore,1 Stop,10h 35m,"2,600"
268,IndiGo,22 Mar,08:55,10:30,Mumbai,Jaipur,Non Stop,1h 35m,"2,024"
269,Air Asia,22 Mar,18:10,19:50,Mumbai,Jaipur,Non Stop,1h 40m,"2,024"
270,IndiGo,22 Mar,21:50,23:30,Mumbai,Jaipur,Non Stop,1h 40m,"2,024"
271,IndiGo,22 Mar,16:45,18:30,Mumbai,Jaipur,Non Stop,1h 45m,"2,024"
272,Air Asia,22 Mar,07:55,09:50,Mumbai,Jaipur,Non Stop,1h 55m,"2,024"
273,Air India,22 Mar,11:10,13:15,Mumbai,Jaipur,Non Stop,2h 05m,"2,240"
274,SpiceJet,22 Mar,19:20,21:15,Mumbai,Jaipur,Non Stop,1h 55m,"2,508"
275,SpiceJet,22 Mar,19:50,21:45,Mumbai,Jaipur,Non Stop,1h 55m,"2,508"
276,SpiceJet,22 Mar,05:25,07:30,Mumbai,Jaipur,Non Stop,2h 05m,"2,508"
277,SpiceJet,22 Mar,05:55,08:00,Mumbai,Jaipur,Non Stop,2h 05m,"2,508"
278,SpiceJet,20 Mar,16:55,19:25,Bangalore,Kolkata,Non Stop,2h 30m,"2,586"
279,SpiceJet,20 Mar,17:25,19:55,Bangalore,Kolkata,Non Stop,2h 30m,"2,586"
280,SpiceJet,20 Mar,05:25,08:00,Bangalore,Kolkata,Non Stop,2h 35m,"2,586"
281,Air Asia,20 Mar,06:30,09:00,Bangalore,Kolkata,Non Stop,2h 30m,"3,393"
282,IndiGo,20 Mar,23:25,01:55 + 1 day,Bangalore,Kolkata,Non Stop,2h 30m,"3,393"
283,Air India,20 Mar,02:40,05:15,Bangalore,Kolkata,Non Stop,2h 35m,"3,393"
284,IndiGo,20 Mar,03:30,06:10,Bangalore,Kolkata,Non Stop,2h 40m,"3,393"
285,IndiGo,20 Mar,06:35,09:15,Bangalore,Kolkata,Non Stop,2h 40m,"3,393"
286,IndiGo,20 Mar,18:00,20:40,Bangalore,Kolkata,Non Stop,2h 40m,"3,393"
287,IndiGo,20 Mar,20:05,22:45,Bangalore,Kolkata,Non Stop,2h 40m,"3,393"
288,Go First,17 Mar,08:15,10:45,Bangalore,Jaipur,Non Stop,2h 30m,"3,294"
289,IndiGo,17 Mar,15:20,18:00,Bangalore,Jaipur,Non Stop,2h 40m,"3,294"
290,IndiGo,17 Mar,18:55,21:35,Bangalore,Jaipur,Non Stop,2h 40m,"3,294"
291,Air Asia,17 Mar,07:35,11:20,Bangalore,Jaipur,1 Stop,3h 45m,"3,295"
292,Air Asia,17 Mar,12:50,16:45,Bangalore,Jaipur,1 Stop,3h 55m,"3,295"
293,Air Asia,17 Mar,07:30,11:45,Bangalore,Jaipur,1 Stop,4h 15m,"3,295"
294,Air Asia,17 Mar,11:20,23:20,Bangalore,Jaipur,1 Stop,12h 00m,"3,295"
295,Air Asia,17 Mar,05:35,19:50,Bangalore,Jaipur,1 Stop,14h 15m,"3,295"
296,Air Asia,17 Mar,18:50,09:50 + 1 day,Bangalore,Jaipur,1 Stop,15h 00m,"3,295"
297,Air Asia,17 Mar,07:15,23:20,Bangalore,Jaipur,2 Stop(s),16h 05m,"3,295"
298,IndiGo,23 Mar,13:05,18:10,Bangalore,New Delhi,1 Stop,5h 05m,"3,245"
299,Air India,23 Mar,15:15,23:00,Bangalore,New Delhi,2 Stop(s),7h 45m,"3,685"
300,IndiGo,23 Mar,11:20,16:30,Bangalore,New Delhi,1 Stop,5h 10m,"3,700"
301,IndiGo,23 Mar,11:20,18:30,Bangalore,New Delhi,1 Stop,7h 10m,"3,700"
302,IndiGo,23 Mar,10:15,18:10,Bangalore,New Delhi,1 Stop,7h 55m,"3,946"
303,Air Asia,23 Mar,07:05,12:25,Bangalore,New Delhi,1 Stop,5h 20m,"3,999"
304,Air Asia,23 Mar,14:10,20:00,Bangalore,New Delhi,1 Stop,5h 50m,"3,999"
305,Air Asia,23 Mar,05:40,12:00,Bangalore,New Delhi,1 Stop,6h 20m,"3,999"
306,Air Asia,23 Mar,09:15,16:15,Bangalore,New Delhi,1 Stop,7h 00m,"3,999"
307,Air Asia,23 Mar,12:50,20:10,Bangalore,New Delhi,1 Stop,7h 20m,"3,999"
308,Go First,18 Mar,14:30,16:50,Bangalore,Lucknow,Non Stop,2h 20m,"3,016"
309,IndiGo,18 Mar,17:55,20:25,Bangalore,Lucknow,Non Stop,2h 30m,"3,258"
310,IndiGo,18 Mar,12:10,14:40,Bangalore,Lucknow,Non Stop,2h 30m,"3,641"
311,IndiGo,18 Mar,06:20,08:55,Bangalore,Lucknow,Non Stop,2h 35m,"4,179"
312,IndiGo,18 Mar,07:50,15:20,Bangalore,Lucknow,1 Stop,7h 30m,"5,195"
313,IndiGo,18 Mar,06:40,14:15,Bangalore,Lucknow,1 Stop,7h 35m,"5,195"
314,IndiGo,18 Mar,23:35,07:10 + 1 day,Bangalore,Lucknow,1 Stop,7h 35m,"5,195"
315,IndiGo,18 Mar,06:40,15:20,Bangalore,Lucknow,1 Stop,8h 40m,"5,195"
316,IndiGo,18 Mar,22:10,07:10 + 1 day,Bangalore,Lucknow,1 Stop,9h 00m,"5,195"
317,IndiGo,18 Mar,07:50,16:55,Bangalore,Lucknow,1 Stop,9h 05m,"5,195"
318,Go First,7 Mar,20:00,07:30 + 1 day,Bangalore,Guwahati,1 Stop,11h 30m,"6,225"
319,IndiGo,7 Mar,23:25,07:00 + 1 day,Bangalore,Guwahati,1 Stop,7h 35m,"6,273"
320,IndiGo,7 Mar,21:25,07:00 + 1 day,Bangalore,Guwahati,1 Stop,9h 35m,"6,273"
321,IndiGo,7 Mar,20:05,07:00 + 1 day,Bangalore,Guwahati,1 Stop,10h 55m,"6,273"
322,Air India,7 Mar,12:50,07:35 + 1 day,Bangalore,Guwahati,2 Stop(s),18h 45m,"6,924"
323,Air India,7 Mar,12:50,10:10 + 1 day,Bangalore,Guwahati,2 Stop(s),21h 20m,"6,924"
324,Air India,7 Mar,12:50,11:05 + 1 day,Bangalore,Guwahati,2 Stop(s),22h 15m,"6,924"
325,Air India,7 Mar,12:50,15:55 + 1 day,Bangalore,Guwahati,2 Stop(s),27h 05m,"7,174"
326,Go First,7 Mar,20:00,10:30 + 1 day,Bangalore,Guwahati,1 Stop,14h 30m,"7,227"
327,Air India,7 Mar,12:50,16:00 + 1 day,Bangalore,Guwahati,3 Stop(s),27h 10m,"8,032"
328,Go First,13 Mar,05:45,07:20,Bangalore,Mumbai,Non Stop,1h 35m,"2,201"
329,IndiGo,13 Mar,04:30,06:10,Bangalore,Mumbai,Non Stop,1h 40m,"2,201"
330,Air Asia,13 Mar,05:35,07:15,Bangalore,Mumbai,Non Stop,1h 40m,"2,201"
331,Air Asia,13 Mar,18:50,20:35,Bangalore,Mumbai,Non Stop,1h 45m,"2,201"
332,IndiGo,13 Mar,06:00,07:50,Bangalore,Mumbai,Non Stop,1h 50m,"2,201"
333,IndiGo,13 Mar,07:00,08:50,Bangalore,Mumbai,Non Stop,1h 50m,"2,201"
334,IndiGo,13 Mar,08:05,09:55,Bangalore,Mumbai,Non Stop,1h 50m,"2,201"
335,Air Asia,13 Mar,22:45,00:35 + 1 day,Bangalore,Mumbai,Non Stop,1h 50m,"2,201"
336,IndiGo,13 Mar,22:40,00:35 + 1 day,Bangalore,Mumbai,Non Stop,1h 55m,"2,201"
337,IndiGo,13 Mar,21:15,23:15,Bangalore,Mumbai,Non Stop,2h 00m,"2,201"
338,Air India,19 Mar,19:00,20:30,Bangalore,Goa,Non Stop,1h 30m,"2,449"
339,Air Asia,19 Mar,14:30,19:35,Bangalore,Goa,1 Stop,5h 05m,"2,450"
340,Air Asia,19 Mar,12:50,19:35,Bangalore,Goa,1 Stop,6h 45m,"2,450"
341,Air Asia,19 Mar,07:35,19:35,Bangalore,Goa,1 Stop,12h 00m,"2,450"
342,IndiGo,19 Mar,17:10,18:25,Bangalore,Goa,Non Stop,1h 15m,"2,600"
343,Air Asia,19 Mar,20:45,22:00,Bangalore,Goa,Non Stop,1h 15m,"2,600"
344,IndiGo,19 Mar,21:45,23:00,Bangalore,Goa,Non Stop,1h 15m,"2,600"
345,IndiGo,19 Mar,00:40,02:00,Bangalore,Goa,Non Stop,1h 20m,"2,600"
346,IndiGo,19 Mar,04:35,05:55,Bangalore,Goa,Non Stop,1h 20m,"2,600"
347,IndiGo,19 Mar,19:50,21:15,Bangalore,Goa,Non Stop,1h 25m,"2,600"
348,StarAir,17 Mar,07:05,08:05,Bangalore,Hyderabad,Non Stop,1h 00m,"1,577"
349,Air Asia,17 Mar,14:30,15:35,Bangalore,Hyderabad,Non Stop,1h 05m,"1,714"
350,IndiGo,17 Mar,07:10,08:20,Bangalore,Hyderabad,Non Stop,1h 10m,"1,714"
351,Air Asia,17 Mar,07:35,08:45,Bangalore,Hyderabad,Non Stop,1h 10m,"1,714"
352,Vistara,17 Mar,07:55,09:05,Bangalore,Hyderabad,Non Stop,1h 10m,"1,714"
353,IndiGo,17 Mar,13:05,14:15,Bangalore,Hyderabad,Non Stop,1h 10m,"1,714"
354,IndiGo,17 Mar,10:15,11:30,Bangalore,Hyderabad,Non Stop,1h 15m,"1,714"
355,IndiGo,17 Mar,21:55,23:10,Bangalore,Hyderabad,Non Stop,1h 15m,"1,714"
356,IndiGo,17 Mar,23:45,01:00 + 1 day,Bangalore,Hyderabad,Non Stop,1h 15m,"1,714"
357,IndiGo,17 Mar,16:20,17:50,Bangalore,Hyderabad,Non Stop,1h 30m,"1,714"
358,IndiGo,29 Mar,05:00,10:30,Hyderabad,Dehradun,1 Stop,5h 30m,"3,850"
359,IndiGo,29 Mar,05:00,14:55,Hyderabad,Dehradun,1 Stop,9h 55m,"3,850"
360,IndiGo,29 Mar,09:40,14:55,Hyderabad,Dehradun,1 Stop,5h 15m,"3,930"
361,IndiGo,29 Mar,10:45,17:00,Hyderabad,Dehradun,1 Stop,6h 15m,"3,930"
362,IndiGo,29 Mar,08:15,15:05,Hyderabad,Dehradun,1 Stop,6h 50m,"3,930"
363,IndiGo,29 Mar,11:40,19:15,Hyderabad,Dehradun,1 Stop,7h 35m,"3,930"
364,IndiGo,29 Mar,07:00,14:55,Hyderabad,Dehradun,1 Stop,7h 55m,"3,930"
365,IndiGo,29 Mar,08:30,17:00,Hyderabad,Dehradun,1 Stop,8h 30m,"3,930"
366,IndiGo,29 Mar,09:40,18:15,Hyderabad,Dehradun,1 Stop,8h 35m,"3,930"
367,IndiGo,29 Mar,06:10,17:00,Hyderabad,Dehradun,1 Stop,10h 50m,"3,930"
368,Air India,7 Apr,20:40,23:00,Hyderabad,New Delhi,Non Stop,2h 20m,"2,276"
369,Air India,7 Apr,09:55,12:20,Hyderabad,New Delhi,Non Stop,2h 25m,"2,696"
370,Air India,7 Apr,06:40,08:55,Hyderabad,New Delhi,Non Stop,2h 15m,"3,193"
371,Air India,7 Apr,16:10,18:30,Hyderabad,New Delhi,Non Stop,2h 20m,"3,193"
372,Air Asia,7 Apr,20:55,01:10 + 1 day,Hyderabad,New Delhi,1 Stop,4h 15m,"3,201"
373,IndiGo,7 Apr,14:45,21:30,Hyderabad,New Delhi,1 Stop,6h 45m,"3,207"
374,IndiGo,7 Apr,15:10,22:30,Hyderabad,New Delhi,1 Stop,7h 20m,"3,207"
375,IndiGo,7 Apr,05:50,13:50,Hyderabad,New Delhi,1 Stop,8h 00m,"3,207"
376,IndiGo,7 Apr,13:50,22:40,Hyderabad,New Delhi,1 Stop,8h 50m,"3,207"
377,IndiGo,7 Apr,14:45,01:00 + 1 day,Hyderabad,New Delhi,1 Stop,10h 15m,"3,207"
378,Go First,8 Mar,16:00,17:10,Hyderabad,Chennai,Non Stop,1h 10m,"1,543"
379,IndiGo,8 Mar,04:40,05:55,Hyderabad,Chennai,Non Stop,1h 15m,"1,543"
380,Air Asia,8 Mar,07:20,08:35,Hyderabad,Chennai,Non Stop,1h 15m,"1,544"
381,Air India,8 Mar,06:25,08:00,Hyderabad,Chennai,Non Stop,1h 35m,"1,776"
382,IndiGo,8 Mar,06:35,07:45,Hyderabad,Chennai,Non Stop,1h 10m,"1,788"
383,IndiGo,8 Mar,16:25,17:40,Hyderabad,Chennai,Non Stop,1h 15m,"1,788"
384,IndiGo,8 Mar,17:35,18:50,Hyderabad,Chennai,Non Stop,1h 15m,"1,788"
385,IndiGo,8 Mar,18:50,20:05,Hyderabad,Chennai,Non Stop,1h 15m,"1,788"
386,IndiGo,8 Mar,20:50,22:05,Hyderabad,Chennai,Non Stop,1h 15m,"1,788"
387,IndiGo,8 Mar,09:55,11:15,Hyderabad,Chennai,Non Stop,1h 20m,"1,788"
388,StarAir,19 Mar,20:20,21:25,Hyderabad,Bangalore,Non Stop,1h 05m,"1,692"
389,Go First,19 Mar,05:15,06:15,Hyderabad,Bangalore,Non Stop,1h 00m,"1,776"
390,Vistara,19 Mar,18:30,19:30,Hyderabad,Bangalore,Non Stop,1h 00m,"1,776"
391,IndiGo,19 Mar,19:40,20:45,Hyderabad,Bangalore,Non Stop,1h 05m,"1,776"
392,Air Asia,19 Mar,22:10,23:15,Hyderabad,Bangalore,Non Stop,1h 05m,"1,776"
393,Vistara,19 Mar,07:40,08:50,Hyderabad,Bangalore,Non Stop,1h 10m,"1,776"
394,Air Asia,19 Mar,19:45,20:55,Hyderabad,Bangalore,Non Stop,1h 10m,"1,776"
395,IndiGo,19 Mar,21:35,22:50,Hyderabad,Bangalore,Non Stop,1h 15m,"1,776"
396,IndiGo,19 Mar,23:50,01:05 + 1 day,Hyderabad,Bangalore,Non Stop,1h 15m,"1,776"
397,IndiGo,19 Mar,09:15,10:35,Hyderabad,Bangalore,Non Stop,1h 20m,"1,776"
398,SpiceJet,9 Mar,12:40,14:30,Hyderabad,Kolkata,Non Stop,1h 50m,"2,047"
399,Air Asia,9 Mar,19:45,01:35 + 1 day,Hyderabad,Kolkata,1 Stop,5h 50m,"2,056"
400,Air Asia,9 Mar,07:20,13:20,Hyderabad,Kolkata,1 Stop,6h 00m,"2,056"
401,Air Asia,9 Mar,14:20,21:05,Hyderabad,Kolkata,1 Stop,6h 45m,"2,056"
402,Air Asia,9 Mar,20:55,07:10 + 1 day,Hyderabad,Kolkata,2 Stop(s),10h 15m,"2,056"
403,Air Asia,9 Mar,14:20,01:35 + 1 day,Hyderabad,Kolkata,1 Stop,11h 15m,"2,056"
404,Go First,9 Mar,06:05,07:55,Hyderabad,Kolkata,Non Stop,1h 50m,"2,393"
405,Go First,9 Mar,10:35,12:30,Hyderabad,Kolkata,Non Stop,1h 55m,"2,612"
406,IndiGo,9 Mar,05:45,07:55,Hyderabad,Kolkata,Non Stop,2h 10m,"2,773"
407,Air India,9 Mar,06:00,08:05,Hyderabad,Kolkata,Non Stop,2h 05m,"2,815"
408,IndiGo,31 Mar,09:30,14:35,Hyderabad,Lucknow,1 Stop,5h 05m,"2,848"
409,IndiGo,31 Mar,08:15,14:35,Hyderabad,Lucknow,1 Stop,6h 20m,"2,848"
410,IndiGo,31 Mar,07:00,14:35,Hyderabad,Lucknow,1 Stop,7h 35m,"2,848"
411,IndiGo,31 Mar,12:00,19:55,Hyderabad,Lucknow,1 Stop,7h 55m,"2,848"
412,IndiGo,31 Mar,06:00,14:35,Hyderabad,Lucknow,1 Stop,8h 35m,"2,848"
413,IndiGo,31 Mar,08:05,17:40,Hyderabad,Lucknow,1 Stop,9h 35m,"2,848"
414,Air India,31 Mar,06:40,13:25,Hyderabad,Lucknow,1 Stop,6h 45m,"3,788"
415,Air India,31 Mar,09:55,19:40,Hyderabad,Lucknow,1 Stop,9h 45m,"3,788"
416,Air India,31 Mar,06:40,19:40,Hyderabad,Lucknow,1 Stop,13h 00m,"3,788"
417,Air India,31 Mar,20:40,13:25 + 1 day,Hyderabad,Lucknow,1 Stop,16h 45m,"3,788"
418,Air India,7 Mar,13:15,17:00,Hyderabad,Goa,1 Stop,3h 45m,"3,666"
419,IndiGo,7 Mar,22:25,23:35,Hyderabad,Goa,Non Stop,1h 10m,"4,453"
420,IndiGo,7 Mar,19:35,20:50,Hyderabad,Goa,Non Stop,1h 15m,"4,453"
421,IndiGo,7 Mar,16:05,17:25,Hyderabad,Goa,Non Stop,1h 20m,"4,453"
422,Go First,7 Mar,20:10,21:30,Hyderabad,Goa,Non Stop,1h 20m,"4,453"
423,IndiGo,7 Mar,21:55,01:35 + 1 day,Hyderabad,Goa,1 Stop,3h 40m,"4,453"
424,Air Asia,7 Mar,18:15,19:35,Hyderabad,Goa,Non Stop,1h 20m,"4,454"
425,SpiceJet,7 Mar,06:05,07:45,Hyderabad,Goa,Non Stop,1h 40m,"4,556"
426,IndiGo,7 Mar,05:40,07:05,Hyderabad,Goa,Non Stop,1h 25m,"5,713"
427,Air Asia,7 Mar,16:10,17:25,Hyderabad,Goa,Non Stop,1h 15m,"5,918"
428,SpiceJet,23 Mar,12:50,14:05,Hyderabad,Tirupati,Non Stop,1h 15m,"2,078"
429,SpiceJet,23 Mar,09:50,11:10,Hyderabad,Tirupati,Non Stop,1h 20m,"2,078"
430,Air India,23 Mar,12:35,13:35,Hyderabad,Tirupati,Non Stop,1h 00m,"2,080"
431,IndiGo,23 Mar,18:20,19:25,Hyderabad,Tirupati,Non Stop,1h 05m,"2,080"
432,IndiGo,23 Mar,06:35,10:35,Hyderabad,Tirupati,1 Stop,4h 00m,"2,080"
433,SpiceJet,23 Mar,06:20,07:40,Hyderabad,Tirupati,Non Stop,1h 20m,"2,182"
434,IndiGo,23 Mar,12:35,13:30,Hyderabad,Tirupati,Non Stop,0h 55m,"2,394"
435,IndiGo,23 Mar,05:40,07:20,Hyderabad,Tirupati,Non Stop,1h 40m,"2,394"
436,IndiGo,23 Mar,15:00,16:40,Hyderabad,Tirupati,Non Stop,1h 40m,"3,036"
437,IndiGo,23 Mar,05:35,11:45,Hyderabad,Tirupati,1 Stop,6h 10m,"4,905"
438,IndiGo,19 Mar,05:20,06:55,Hyderabad,Ahmedabad,Non Stop,1h 35m,"2,346"
439,IndiGo,19 Mar,20:30,22:15,Hyderabad,Ahmedabad,Non Stop,1h 45m,"2,346"
440,IndiGo,19 Mar,16:20,18:05,Hyderabad,Ahmedabad,Non Stop,1h 45m,"2,653"
441,IndiGo,19 Mar,19:15,01:20 + 1 day,Hyderabad,Ahmedabad,1 Stop,6h 05m,"3,270"
442,IndiGo,19 Mar,17:45,01:20 + 1 day,Hyderabad,Ahmedabad,1 Stop,7h 35m,"3,270"
443,IndiGo,19 Mar,19:35,01:00 + 1 day,Hyderabad,Ahmedabad,1 Stop,5h 25m,"3,363"
444,IndiGo,19 Mar,17:50,23:50,Hyderabad,Ahmedabad,1 Stop,6h 00m,"3,363"
445,IndiGo,19 Mar,10:45,18:30,Hyderabad,Ahmedabad,1 Stop,7h 45m,"3,363"
446,IndiGo,19 Mar,15:55,23:50,Hyderabad,Ahmedabad,1 Stop,7h 55m,"3,363"
447,IndiGo,19 Mar,16:05,01:00 + 1 day,Hyderabad,Ahmedabad,1 Stop,8h 55m,"3,363"
448,Air Asia,7 Mar,19:45,00:35 + 1 day,Hyderabad,Mumbai,1 Stop,4h 50m,"4,449"
449,Air Asia,7 Mar,14:20,20:35,Hyderabad,Mumbai,1 Stop,6h 15m,"4,449"
450,Air Asia,7 Mar,18:15,02:25 + 1 day,Hyderabad,Mumbai,1 Stop,8h 10m,"4,449"
451,Air Asia,7 Mar,22:10,07:15 + 1 day,Hyderabad,Mumbai,1 Stop,9h 05m,"4,449"
452,Air Asia,7 Mar,20:55,06:35 + 1 day,Hyderabad,Mumbai,2 Stop(s),9h 40m,"4,449"
453,Air Asia,7 Mar,14:20,00:35 + 1 day,Hyderabad,Mumbai,1 Stop,10h 15m,"4,449"
454,Air Asia,7 Mar,16:10,02:25 + 1 day,Hyderabad,Mumbai,1 Stop,10h 15m,"4,449"
455,Air Asia,7 Mar,19:45,07:15 + 1 day,Hyderabad,Mumbai,1 Stop,11h 30m,"4,449"
456,Air Asia,7 Mar,18:15,07:40 + 1 day,Hyderabad,Mumbai,1 Stop,13h 25m,"4,449"
457,Go First,7 Mar,05:15,09:50,Hyderabad,Mumbai,1 Stop,4h 35m,"4,452"
458,IndiGo,29 Mar,05:00,10:30,Hyderabad,Dehradun,1 Stop,5h 30m,"3,850"
459,IndiGo,29 Mar,05:00,14:55,Hyderabad,Dehradun,1 Stop,9h 55m,"3,850"
460,IndiGo,29 Mar,09:40,14:55,Hyderabad,Dehradun,1 Stop,5h 15m,"3,930"
461,IndiGo,29 Mar,10:45,17:00,Hyderabad,Dehradun,1 Stop,6h 15m,"3,930"
462,IndiGo,29 Mar,08:15,15:05,Hyderabad,Dehradun,1 Stop,6h 50m,"3,930"
463,IndiGo,29 Mar,11:40,19:15,Hyderabad,Dehradun,1 Stop,7h 35m,"3,930"
464,IndiGo,29 Mar,07:00,14:55,Hyderabad,Dehradun,1 Stop,7h 55m,"3,930"
465,IndiGo,29 Mar,08:30,17:00,Hyderabad,Dehradun,1 Stop,8h 30m,"3,930"
466,IndiGo,29 Mar,09:40,18:15,Hyderabad,Dehradun,1 Stop,8h 35m,"3,930"
467,IndiGo,29 Mar,06:10,17:00,Hyderabad,Dehradun,1 Stop,10h 50m,"3,930"
468,Air India,23 May,05:35,08:00,Kolkata,Port Blair,Non Stop,2h 25m,"3,946"
469,IndiGo,23 May,09:00,11:10,Kolkata,Port Blair,Non Stop,2h 10m,"7,119"
470,IndiGo,23 May,05:50,08:00,Kolkata,Port Blair,Non Stop,2h 10m,"7,329"
471,Vistara,23 May,09:00,11:20,Kolkata,Port Blair,Non Stop,2h 20m,"8,064"
472,IndiGo,23 May,06:25,13:00,Kolkata,Port Blair,1 Stop,6h 35m,"8,811"
473,IndiGo,23 May,04:55,13:00,Kolkata,Port Blair,1 Stop,8h 05m,"8,811"
474,Go First,23 May,08:20,10:45,Kolkata,Port Blair,Non Stop,2h 25m,"9,058"
475,IndiGo,23 May,05:25,13:55,Kolkata,Port Blair,1 Stop,8h 30m,"9,427"
476,IndiGo,23 May,07:15,13:55,Kolkata,Port Blair,1 Stop,6h 40m,"11,109"
477,SpiceJet,23 May,12:10,14:25,Kolkata,Port Blair,Non Stop,2h 15m,"11,228"
478,IndiGo,27 Mar,04:55,09:50,Kolkata,Bangalore,1 Stop,4h 55m,"3,860"
479,IndiGo,27 Mar,06:25,12:10,Kolkata,Bangalore,1 Stop,5h 45m,"3,860"
480,IndiGo,27 Mar,08:05,14:10,Kolkata,Bangalore,1 Stop,6h 05m,"3,860"
481,IndiGo,27 Mar,06:50,13:10,Kolkata,Bangalore,1 Stop,6h 20m,"3,860"
482,IndiGo,27 Mar,04:55,12:10,Kolkata,Bangalore,1 Stop,7h 15m,"3,860"
483,IndiGo,27 Mar,08:05,15:30,Kolkata,Bangalore,1 Stop,7h 25m,"3,860"
484,IndiGo,27 Mar,06:25,14:10,Kolkata,Bangalore,1 Stop,7h 45m,"3,860"
485,IndiGo,27 Mar,09:15,18:05,Kolkata,Bangalore,1 Stop,8h 50m,"3,860"
486,IndiGo,27 Mar,06:25,15:30,Kolkata,Bangalore,1 Stop,9h 05m,"3,860"
487,IndiGo,27 Mar,08:05,17:15,Kolkata,Bangalore,1 Stop,9h 10m,"3,860"
488,IndiGo,8 Mar,06:50,12:25,Kolkata,Mumbai,1 Stop,5h 35m,"3,381"
489,IndiGo,8 Mar,15:20,21:40,Kolkata,Mumbai,1 Stop,6h 20m,"3,381"
490,IndiGo,8 Mar,09:15,16:35,Kolkata,Mumbai,1 Stop,7h 20m,"3,381"
491,IndiGo,8 Mar,06:50,16:35,Kolkata,Mumbai,1 Stop,9h 45m,"3,381"
492,IndiGo,8 Mar,09:15,19:20,Kolkata,Mumbai,1 Stop,10h 05m,"3,381"
493,IndiGo,8 Mar,11:50,23:00,Kolkata,Mumbai,1 Stop,11h 10m,"3,381"
494,IndiGo,8 Mar,09:15,20:50,Kolkata,Mumbai,1 Stop,11h 35m,"3,381"
495,Air India,8 Mar,09:25,12:20,Kolkata,Mumbai,Non Stop,2h 55m,"3,723"
496,Air India,8 Mar,17:15,20:15,Kolkata,Mumbai,Non Stop,3h 00m,"3,723"
497,Air India,8 Mar,19:00,23:50,Kolkata,Mumbai,1 Stop,4h 50m,"4,169"
498,IndiGo,2 Apr,17:20,22:15,Kolkata,New Delhi,1 Stop,4h 55m,"2,994"
499,IndiGo,2 Apr,14:30,20:00,Kolkata,New Delhi,1 Stop,5h 30m,"2,994"
500,IndiGo,2 Apr,15:20,21:40,Kolkata,New Delhi,1 Stop,6h 20m,"2,994"
501,IndiGo,2 Apr,17:20,00:05 + 1 day,Kolkata,New Delhi,1 Stop,6h 45m,"2,994"
502,IndiGo,2 Apr,14:30,21:20,Kolkata,New Delhi,1 Stop,6h 50m,"2,994"
503,IndiGo,2 Apr,05:30,07:55,Kolkata,New Delhi,Non Stop,2h 25m,"3,999"
504,Air Asia,2 Apr,07:40,10:05,Kolkata,New Delhi,Non Stop,2h 25m,"3,999"
505,IndiGo,2 Apr,19:20,21:45,Kolkata,New Delhi,Non Stop,2h 25m,"3,999"
506,Air Asia,2 Apr,23:40,02:10 + 1 day,Kolkata,New Delhi,Non Stop,2h 30m,"3,999"
507,Air Asia,2 Apr,19:45,22:25,Kolkata,New Delhi,Non Stop,2h 40m,"3,999"
508,SpiceJet,8 Mar,17:55,19:15,Kolkata,Guwahati,Non Stop,1h 20m,"2,082"
509,SpiceJet,8 Mar,18:25,19:45,Kolkata,Guwahati,Non Stop,1h 20m,"2,082"
510,SpiceJet,8 Mar,06:15,07:40,Kolkata,Guwahati,Non Stop,1h 25m,"2,082"
511,SpiceJet,8 Mar,06:45,08:10,Kolkata,Guwahati,Non Stop,1h 25m,"2,082"
512,IndiGo,8 Mar,21:05,22:10,Kolkata,Guwahati,Non Stop,1h 05m,"2,294"
513,Air India,8 Mar,09:50,11:05,Kolkata,Guwahati,Non Stop,1h 15m,"2,294"
514,IndiGo,8 Mar,05:40,07:00,Kolkata,Guwahati,Non Stop,1h 20m,"2,294"
515,Air India,8 Mar,08:40,10:10,Kolkata,Guwahati,Non Stop,1h 30m,"2,294"
516,Air India,8 Mar,05:55,07:35,Kolkata,Guwahati,Non Stop,1h 40m,"2,294"
517,Air Asia,8 Mar,12:30,18:15,Kolkata,Guwahati,1 Stop,5h 45m,"2,294"
518,IndiGo,28 Mar,23:35,06:40 + 1 day,Kolkata,Goa,1 Stop,7h 05m,"3,964"
519,Go First,28 Mar,20:00,06:05 + 1 day,Kolkata,Goa,1 Stop,10h 05m,"4,727"
520,Air Asia,28 Mar,16:15,22:00,Kolkata,Goa,1 Stop,5h 45m,"4,761"
521,Air Asia,28 Mar,07:40,14:55,Kolkata,Goa,1 Stop,7h 15m,"4,761"
522,Air Asia,28 Mar,07:40,15:25,Kolkata,Goa,1 Stop,7h 45m,"4,761"
523,Air Asia,28 Mar,13:30,22:00,Kolkata,Goa,1 Stop,8h 30m,"4,761"
524,Air Asia,28 Mar,09:40,19:35,Kolkata,Goa,2 Stop(s),9h 55m,"4,761"
525,Air Asia,28 Mar,19:55,07:00 + 1 day,Kolkata,Goa,2 Stop(s),11h 05m,"4,761"
526,Air Asia,28 Mar,19:45,07:50 + 1 day,Kolkata,Goa,1 Stop,12h 05m,"4,761"
527,Air Asia,28 Mar,09:40,22:00,Kolkata,Goa,1 Stop,12h 20m,"4,761"
528,Air Asia,22 Mar,07:35,09:55,Kolkata,Chennai,Non Stop,2h 20m,"2,966"
529,IndiGo,22 Mar,22:40,01:00 + 1 day,Kolkata,Chennai,Non Stop,2h 20m,"2,966"
530,Air India,22 Mar,17:15,19:40,Kolkata,Chennai,Non Stop,2h 25m,"2,966"
531,IndiGo,22 Mar,17:45,20:10,Kolkata,Chennai,Non Stop,2h 25m,"2,966"
532,Air Asia,22 Mar,20:35,23:15,Kolkata,Chennai,Non Stop,2h 40m,"2,966"
533,IndiGo,22 Mar,05:25,10:25,Kolkata,Chennai,1 Stop,5h 00m,"2,966"
534,IndiGo,22 Mar,05:25,12:00,Kolkata,Chennai,1 Stop,6h 35m,"2,966"
535,IndiGo,22 Mar,06:50,15:05,Kolkata,Chennai,1 Stop,8h 15m,"2,966"
536,IndiGo,22 Mar,05:25,15:55,Kolkata,Chennai,1 Stop,10h 30m,"2,966"
537,IndiGo,22 Mar,06:50,17:40,Kolkata,Chennai,1 Stop,10h 50m,"2,966"
538,Air Asia,22 Mar,13:55,18:35,Kolkata,Pune,1 Stop,4h 40m,"4,447"
539,Air Asia,22 Mar,16:15,23:20,Kolkata,Pune,1 Stop,7h 05m,"4,447"
540,Air Asia,22 Mar,07:40,17:25,Kolkata,Pune,1 Stop,9h 45m,"4,447"
541,Air Asia,22 Mar,13:30,23:20,Kolkata,Pune,1 Stop,9h 50m,"4,447"
542,Air Asia,22 Mar,05:25,18:35,Kolkata,Pune,1 Stop,13h 10m,"4,447"
543,Air Asia,22 Mar,09:40,23:20,Kolkata,Pune,1 Stop,13h 40m,"4,447"
544,IndiGo,22 Mar,23:20,05:50 + 1 day,Kolkata,Pune,1 Stop,6h 30m,"5,376"
545,IndiGo,22 Mar,07:15,13:00,Kolkata,Pune,1 Stop,5h 45m,"5,748"
546,IndiGo,22 Mar,23:35,06:45 + 1 day,Kolkata,Pune,1 Stop,7h 10m,"5,748"
547,IndiGo,22 Mar,06:40,15:40,Kolkata,Pune,1 Stop,9h 00m,"5,803"
548,Go First,25 Mar,20:00,22:10,Kolkata,Hyderabad,Non Stop,2h 10m,"2,436"
549,IndiGo,25 Mar,23:20,01:30 + 1 day,Kolkata,Hyderabad,Non Stop,2h 10m,"2,436"
550,Go First,25 Mar,13:20,15:40,Kolkata,Hyderabad,Non Stop,2h 20m,"2,436"
551,Air India,25 Mar,19:00,21:15,Kolkata,Hyderabad,Non Stop,2h 15m,"2,751"
552,Air Asia,25 Mar,04:40,06:45,Kolkata,Hyderabad,Non Stop,2h 05m,"3,126"
553,IndiGo,25 Mar,06:50,09:05,Kolkata,Hyderabad,Non Stop,2h 15m,"3,129"
554,IndiGo,25 Mar,19:55,22:05,Kolkata,Hyderabad,Non Stop,2h 10m,"3,629"
555,IndiGo,25 Mar,09:05,11:20,Kolkata,Hyderabad,Non Stop,2h 15m,"4,011"
556,IndiGo,25 Mar,13:55,16:15,Kolkata,Hyderabad,Non Stop,2h 20m,"4,011"
557,Air Asia,25 Mar,07:40,20:05,Kolkata,Hyderabad,2 Stop(s),12h 25m,"4,589"
558,IndiGo,31 Mar,08:15,09:25,Kolkata,Bagdogra,Non Stop,1h 10m,"2,664"
559,IndiGo,31 Mar,12:35,13:45,Kolkata,Bagdogra,Non Stop,1h 10m,"2,664"
560,Air Asia,31 Mar,09:05,10:20,Kolkata,Bagdogra,Non Stop,1h 15m,"2,664"
561,IndiGo,31 Mar,05:55,07:30,Kolkata,Bagdogra,Non Stop,1h 35m,"2,664"
562,IndiGo,31 Mar,16:25,17:35,Kolkata,Bagdogra,Non Stop,1h 10m,"2,864"
563,SpiceJet,31 Mar,11:40,12:50,Kolkata,Bagdogra,Non Stop,1h 10m,"2,998"
564,SpiceJet,31 Mar,06:50,08:25,Kolkata,Bagdogra,Non Stop,1h 35m,"2,998"
565,Go First,31 Mar,12:55,14:20,Kolkata,Bagdogra,Non Stop,1h 25m,"3,768"
566,Go First,31 Mar,05:45,13:25,Kolkata,Bagdogra,1 Stop,7h 40m,"7,391"
567,Go First,31 Mar,05:45,15:35,Kolkata,Bagdogra,1 Stop,9h 50m,"7,391"
568,Go First,22 Mar,20:55,22:55,Pune,New Delhi,Non Stop,2h 00m,"2,564"
569,IndiGo,22 Mar,20:30,22:40,Pune,New Delhi,Non Stop,2h 10m,"2,564"
570,Go First,22 Mar,19:10,21:30,Pune,New Delhi,Non Stop,2h 20m,"2,564"
571,Air Asia,22 Mar,01:30,03:35,Pune,New Delhi,Non Stop,2h 05m,"2,565"
572,Air Asia,22 Mar,17:55,20:10,Pune,New Delhi,Non Stop,2h 15m,"2,565"
573,IndiGo,22 Mar,23:55,02:05 + 1 day,Pune,New Delhi,Non Stop,2h 10m,"2,798"
574,IndiGo,22 Mar,02:00,04:15,Pune,New Delhi,Non Stop,2h 15m,"2,798"
575,IndiGo,22 Mar,04:55,07:10,Pune,New Delhi,Non Stop,2h 15m,"2,798"
576,IndiGo,22 Mar,16:15,18:30,Pune,New Delhi,Non Stop,2h 15m,"2,798"
577,SpiceJet,22 Mar,06:25,09:00,Pune,New Delhi,Non Stop,2h 35m,"2,909"
578,Air India,4 Apr,16:55,19:50,Chennai,New Delhi,Non Stop,2h 55m,"2,271"
579,Air India,4 Apr,09:55,12:55,Chennai,New Delhi,Non Stop,3h 00m,"2,271"
580,IndiGo,4 Apr,17:00,23:05,Chennai,New Delhi,1 Stop,6h 05m,"2,271"
581,IndiGo,4 Apr,22:30,01:25 + 1 day,Chennai,New Delhi,Non Stop,2h 55m,"2,329"
582,SpiceJet,4 Apr,07:05,09:50,Chennai,New Delhi,Non Stop,2h 45m,"2,566"
583,SpiceJet,4 Apr,22:05,00:50 + 1 day,Chennai,New Delhi,Non Stop,2h 45m,"2,566"
584,IndiGo,4 Apr,18:15,21:05,Chennai,New Delhi,Non Stop,2h 50m,"2,750"
585,IndiGo,4 Apr,19:35,22:30,Chennai,New Delhi,Non Stop,2h 55m,"2,750"
586,Vistara,4 Apr,10:45,13:30,Chennai,New Delhi,Non Stop,2h 45m,"2,777"
587,Vistara,4 Apr,17:25,20:10,Chennai,New Delhi,Non Stop,2h 45m,"2,777"
588,IndiGo,29 Mar,00:45,07:10,Pune,Kolkata,1 Stop,6h 25m,"4,319"
589,IndiGo,29 Mar,00:45,08:20,Pune,Kolkata,1 Stop,7h 35m,"4,319"
590,Air Asia,29 Mar,11:50,15:45,Pune,Kolkata,1 Stop,3h 55m,"4,447"
591,Air Asia,29 Mar,17:50,23:10,Pune,Kolkata,1 Stop,5h 20m,"4,447"
592,Air Asia,29 Mar,19:25,01:35 + 1 day,Pune,Kolkata,1 Stop,6h 10m,"4,447"
593,Air Asia,29 Mar,11:50,19:20,Pune,Kolkata,1 Stop,7h 30m,"4,447"
594,Air Asia,29 Mar,23:50,09:00 + 1 day,Pune,Kolkata,1 Stop,9h 10m,"4,447"
595,Air Asia,29 Mar,19:05,07:10 + 1 day,Pune,Kolkata,1 Stop,12h 05m,"4,447"
596,Air Asia,29 Mar,17:50,07:10 + 1 day,Pune,Kolkata,1 Stop,13h 20m,"4,447"
597,Air Asia,29 Mar,19:25,09:00 + 1 day,Pune,Kolkata,1 Stop,13h 35m,"4,447"
598,IndiGo,23 Mar,14:55,22:00,Patna,Bangalore,1 Stop,7h 05m,"3,549"
599,IndiGo,23 Mar,09:15,12:00,Patna,Bangalore,Non Stop,2h 45m,"4,000"
600,IndiGo,23 Mar,19:25,22:10,Patna,Bangalore,Non Stop,2h 45m,"4,000"
601,IndiGo,23 Mar,01:40,06:55,Patna,Bangalore,1 Stop,5h 15m,"4,001"
602,IndiGo,23 Mar,01:40,08:15,Patna,Bangalore,1 Stop,6h 35m,"4,001"
603,IndiGo,23 Mar,08:25,15:25,Patna,Bangalore,1 Stop,7h 00m,"4,001"
604,IndiGo,23 Mar,10:45,18:30,Patna,Bangalore,1 Stop,7h 45m,"4,001"
605,IndiGo,23 Mar,01:40,09:35,Patna,Bangalore,1 Stop,7h 55m,"4,001"
606,IndiGo,23 Mar,10:45,19:35,Patna,Bangalore,1 Stop,8h 50m,"4,001"
607,IndiGo,23 Mar,01:40,10:35,Patna,Bangalore,1 Stop,8h 55m,"4,001"
608,IndiGo,7 Apr,04:50,10:15,Pune,Lucknow,1 Stop,5h 25m,"4,077"
609,Air India,7 Apr,07:40,13:25,Pune,Lucknow,1 Stop,5h 45m,"4,077"
610,IndiGo,7 Apr,11:05,17:40,Pune,Lucknow,1 Stop,6h 35m,"4,077"
611,IndiGo,7 Apr,07:20,14:35,Pune,Lucknow,1 Stop,7h 15m,"4,077"
612,IndiGo,7 Apr,05:45,13:30,Pune,Lucknow,1 Stop,7h 45m,"4,077"
613,IndiGo,7 Apr,04:50,14:35,Pune,Lucknow,1 Stop,9h 45m,"4,077"
614,IndiGo,7 Apr,00:45,10:35,Pune,Lucknow,1 Stop,9h 50m,"4,077"
615,Air India,7 Apr,07:40,19:40,Pune,Lucknow,1 Stop,12h 00m,"4,077"
616,Air India,7 Apr,18:50,13:25 + 1 day,Pune,Lucknow,1 Stop,18h 35m,"4,077"
617,Air India,7 Apr,18:50,19:40 + 1 day,Pune,Lucknow,1 Stop,24h 50m,"4,077"
618,Go First,22 Mar,20:55,22:55,Pune,New Delhi,Non Stop,2h 00m,"2,564"
619,IndiGo,22 Mar,20:30,22:40,Pune,New Delhi,Non Stop,2h 10m,"2,564"
620,Go First,22 Mar,19:10,21:30,Pune,New Delhi,Non Stop,2h 20m,"2,564"
621,Air Asia,22 Mar,01:30,03:35,Pune,New Delhi,Non Stop,2h 05m,"2,565"
622,Air Asia,22 Mar,17:55,20:10,Pune,New Delhi,Non Stop,2h 15m,"2,565"
623,IndiGo,22 Mar,23:55,02:05 + 1 day,Pune,New Delhi,Non Stop,2h 10m,"2,798"
624,IndiGo,22 Mar,02:00,04:15,Pune,New Delhi,Non Stop,2h 15m,"2,798"
625,IndiGo,22 Mar,04:55,07:10,Pune,New Delhi,Non Stop,2h 15m,"2,798"
626,IndiGo,22 Mar,16:15,18:30,Pune,New Delhi,Non Stop,2h 15m,"2,798"
627,SpiceJet,22 Mar,06:25,09:00,Pune,New Delhi,Non Stop,2h 35m,"2,909"
628,Air India,4 Apr,16:55,19:50,Chennai,New Delhi,Non Stop,2h 55m,"2,271"
629,Air India,4 Apr,09:55,12:55,Chennai,New Delhi,Non Stop,3h 00m,"2,271"
630,IndiGo,4 Apr,17:00,23:05,Chennai,New Delhi,1 Stop,6h 05m,"2,271"
631,IndiGo,4 Apr,22:30,01:25 + 1 day,Chennai,New Delhi,Non Stop,2h 55m,"2,329"
632,SpiceJet,4 Apr,07:05,09:50,Chennai,New Delhi,Non Stop,2h 45m,"2,566"
633,SpiceJet,4 Apr,22:05,00:50 + 1 day,Chennai,New Delhi,Non Stop,2h 45m,"2,566"
634,IndiGo,4 Apr,18:15,21:05,Chennai,New Delhi,Non Stop,2h 50m,"2,750"
635,IndiGo,4 Apr,19:35,22:30,Chennai,New Delhi,Non Stop,2h 55m,"2,750"
636,Vistara,4 Apr,10:45,13:30,Chennai,New Delhi,Non Stop,2h 45m,"2,777"
637,Vistara,4 Apr,17:25,20:10,Chennai,New Delhi,Non Stop,2h 45m,"2,777"
638,IndiGo,29 Mar,00:45,07:10,Pune,Kolkata,1 Stop,6h 25m,"4,319"
639,IndiGo,29 Mar,00:45,08:20,Pune,Kolkata,1 Stop,7h 35m,"4,319"
640,Air Asia,29 Mar,11:50,15:45,Pune,Kolkata,1 Stop,3h 55m,"4,447"
641,Air Asia,29 Mar,17:50,23:10,Pune,Kolkata,1 Stop,5h 20m,"4,447"
642,Air Asia,29 Mar,19:25,01:35 + 1 day,Pune,Kolkata,1 Stop,6h 10m,"4,447"
643,Air Asia,29 Mar,11:50,19:20,Pune,Kolkata,1 Stop,7h 30m,"4,447"
644,Air Asia,29 Mar,23:50,09:00 + 1 day,Pune,Kolkata,1 Stop,9h 10m,"4,447"
645,Air Asia,29 Mar,19:05,07:10 + 1 day,Pune,Kolkata,1 Stop,12h 05m,"4,447"
646,Air Asia,29 Mar,17:50,07:10 + 1 day,Pune,Kolkata,1 Stop,13h 20m,"4,447"
647,Air Asia,29 Mar,19:25,09:00 + 1 day,Pune,Kolkata,1 Stop,13h 35m,"4,447"
648,IndiGo,23 Mar,14:55,22:00,Patna,Bangalore,1 Stop,7h 05m,"3,549"
649,IndiGo,23 Mar,09:15,12:00,Patna,Bangalore,Non Stop,2h 45m,"4,000"
650,IndiGo,23 Mar,19:25,22:10,Patna,Bangalore,Non Stop,2h 45m,"4,000"
651,IndiGo,23 Mar,01:40,06:55,Patna,Bangalore,1 Stop,5h 15m,"4,001"
652,IndiGo,23 Mar,01:40,08:15,Patna,Bangalore,1 Stop,6h 35m,"4,001"
653,IndiGo,23 Mar,08:25,15:25,Patna,Bangalore,1 Stop,7h 00m,"4,001"
654,IndiGo,23 Mar,10:45,18:30,Patna,Bangalore,1 Stop,7h 45m,"4,001"
655,IndiGo,23 Mar,01:40,09:35,Patna,Bangalore,1 Stop,7h 55m,"4,001"
656,IndiGo,23 Mar,10:45,19:35,Patna,Bangalore,1 Stop,8h 50m,"4,001"
657,IndiGo,23 Mar,01:40,10:35,Patna,Bangalore,1 Stop,8h 55m,"4,001"
658,IndiGo,7 Apr,04:50,10:15,Pune,Lucknow,1 Stop,5h 25m,"4,077"
659,Air India,7 Apr,07:40,13:25,Pune,Lucknow,1 Stop,5h 45m,"4,077"
660,IndiGo,7 Apr,11:05,17:40,Pune,Lucknow,1 Stop,6h 35m,"4,077"
661,IndiGo,7 Apr,07:20,14:35,Pune,Lucknow,1 Stop,7h 15m,"4,077"
662,IndiGo,7 Apr,05:45,13:30,Pune,Lucknow,1 Stop,7h 45m,"4,077"
663,IndiGo,7 Apr,04:50,14:35,Pune,Lucknow,1 Stop,9h 45m,"4,077"
664,IndiGo,7 Apr,00:45,10:35,Pune,Lucknow,1 Stop,9h 50m,"4,077"
665,Air India,7 Apr,07:40,19:40,Pune,Lucknow,1 Stop,12h 00m,"4,077"
666,Air India,7 Apr,18:50,13:25 + 1 day,Pune,Lucknow,1 Stop,18h 35m,"4,077"
667,Air India,7 Apr,18:50,19:40 + 1 day,Pune,Lucknow,1 Stop,24h 50m,"4,077"
668,Go First,22 Mar,20:55,22:55,Pune,New Delhi,Non Stop,2h 00m,"2,564"
669,IndiGo,22 Mar,20:30,22:40,Pune,New Delhi,Non Stop,2h 10m,"2,564"
670,Go First,22 Mar,19:10,21:30,Pune,New Delhi,Non Stop,2h 20m,"2,564"
671,Air Asia,22 Mar,01:30,03:35,Pune,New Delhi,Non Stop,2h 05m,"2,565"
672,Air Asia,22 Mar,17:55,20:10,Pune,New Delhi,Non Stop,2h 15m,"2,565"
673,IndiGo,22 Mar,23:55,02:05 + 1 day,Pune,New Delhi,Non Stop,2h 10m,"2,798"
674,IndiGo,22 Mar,02:00,04:15,Pune,New Delhi,Non Stop,2h 15m,"2,798"
675,IndiGo,22 Mar,04:55,07:10,Pune,New Delhi,Non Stop,2h 15m,"2,798"
676,IndiGo,22 Mar,16:15,18:30,Pune,New Delhi,Non Stop,2h 15m,"2,798"
677,SpiceJet,22 Mar,06:25,09:00,Pune,New Delhi,Non Stop,2h 35m,"2,909"
678,Air India,4 Apr,16:55,19:50,Chennai,New Delhi,Non Stop,2h 55m,"2,271"
679,Air India,4 Apr,09:55,12:55,Chennai,New Delhi,Non Stop,3h 00m,"2,271"
680,IndiGo,4 Apr,17:00,23:05,Chennai,New Delhi,1 Stop,6h 05m,"2,271"
681,IndiGo,4 Apr,22:30,01:25 + 1 day,Chennai,New Delhi,Non Stop,2h 55m,"2,329"
682,SpiceJet,4 Apr,07:05,09:50,Chennai,New Delhi,Non Stop,2h 45m,"2,566"
683,SpiceJet,4 Apr,22:05,00:50 + 1 day,Chennai,New Delhi,Non Stop,2h 45m,"2,566"
684,IndiGo,4 Apr,18:15,21:05,Chennai,New Delhi,Non Stop,2h 50m,"2,750"
685,IndiGo,4 Apr,19:35,22:30,Chennai,New Delhi,Non Stop,2h 55m,"2,750"
686,Vistara,4 Apr,10:45,13:30,Chennai,New Delhi,Non Stop,2h 45m,"2,777"
687,Vistara,4 Apr,17:25,20:10,Chennai,New Delhi,Non Stop,2h 45m,"2,777"
688,IndiGo,29 Mar,00:45,07:10,Pune,Kolkata,1 Stop,6h 25m,"4,319"
689,IndiGo,29 Mar,00:45,08:20,Pune,Kolkata,1 Stop,7h 35m,"4,319"
690,Air Asia,29 Mar,11:50,15:45,Pune,Kolkata,1 Stop,3h 55m,"4,447"
691,Air Asia,29 Mar,17:50,23:10,Pune,Kolkata,1 Stop,5h 20m,"4,447"
692,Air Asia,29 Mar,19:25,01:35 + 1 day,Pune,Kolkata,1 Stop,6h 10m,"4,447"
693,Air Asia,29 Mar,11:50,19:20,Pune,Kolkata,1 Stop,7h 30m,"4,447"
694,Air Asia,29 Mar,23:50,09:00 + 1 day,Pune,Kolkata,1 Stop,9h 10m,"4,447"
695,Air Asia,29 Mar,19:05,07:10 + 1 day,Pune,Kolkata,1 Stop,12h 05m,"4,447"
696,Air Asia,29 Mar,17:50,07:10 + 1 day,Pune,Kolkata,1 Stop,13h 20m,"4,447"
697,Air Asia,29 Mar,19:25,09:00 + 1 day,Pune,Kolkata,1 Stop,13h 35m,"4,447"
698,IndiGo,23 Mar,14:55,22:00,Patna,Bangalore,1 Stop,7h 05m,"3,549"
699,IndiGo,23 Mar,09:15,12:00,Patna,Bangalore,Non Stop,2h 45m,"4,000"
700,IndiGo,23 Mar,19:25,22:10,Patna,Bangalore,Non Stop,2h 45m,"4,000"
701,IndiGo,23 Mar,01:40,06:55,Patna,Bangalore,1 Stop,5h 15m,"4,001"
702,IndiGo,23 Mar,01:40,08:15,Patna,Bangalore,1 Stop,6h 35m,"4,001"
703,IndiGo,23 Mar,08:25,15:25,Patna,Bangalore,1 Stop,7h 00m,"4,001"
704,IndiGo,23 Mar,10:45,18:30,Patna,Bangalore,1 Stop,7h 45m,"4,001"
705,IndiGo,23 Mar,01:40,09:35,Patna,Bangalore,1 Stop,7h 55m,"4,001"
706,IndiGo,23 Mar,10:45,19:35,Patna,Bangalore,1 Stop,8h 50m,"4,001"
707,IndiGo,23 Mar,01:40,10:35,Patna,Bangalore,1 Stop,8h 55m,"4,001"
708,IndiGo,7 Apr,04:50,10:15,Pune,Lucknow,1 Stop,5h 25m,"4,077"
709,Air India,7 Apr,07:40,13:25,Pune,Lucknow,1 Stop,5h 45m,"4,077"
710,IndiGo,7 Apr,11:05,17:40,Pune,Lucknow,1 Stop,6h 35m,"4,077"
711,IndiGo,7 Apr,07:20,14:35,Pune,Lucknow,1 Stop,7h 15m,"4,077"
712,IndiGo,7 Apr,05:45,13:30,Pune,Lucknow,1 Stop,7h 45m,"4,077"
713,IndiGo,7 Apr,04:50,14:35,Pune,Lucknow,1 Stop,9h 45m,"4,077"
714,IndiGo,7 Apr,00:45,10:35,Pune,Lucknow,1 Stop,9h 50m,"4,077"
715,Air India,7 Apr,07:40,19:40,Pune,Lucknow,1 Stop,12h 00m,"4,077"
716,Air India,7 Apr,18:50,13:25 + 1 day,Pune,Lucknow,1 Stop,18h 35m,"4,077"
717,Air India,7 Apr,18:50,19:40 + 1 day,Pune,Lucknow,1 Stop,24h 50m,"4,077"
718,Go First,22 Mar,20:55,22:55,Pune,New Delhi,Non Stop,2h 00m,"2,564"
719,IndiGo,22 Mar,20:30,22:40,Pune,New Delhi,Non Stop,2h 10m,"2,564"
720,Go First,22 Mar,19:10,21:30,Pune,New Delhi,Non Stop,2h 20m,"2,564"
721,Air Asia,22 Mar,01:30,03:35,Pune,New Delhi,Non Stop,2h 05m,"2,565"
722,Air Asia,22 Mar,17:55,20:10,Pune,New Delhi,Non Stop,2h 15m,"2,565"
723,IndiGo,22 Mar,23:55,02:05 + 1 day,Pune,New Delhi,Non Stop,2h 10m,"2,798"
724,IndiGo,22 Mar,02:00,04:15,Pune,New Delhi,Non Stop,2h 15m,"2,798"
725,IndiGo,22 Mar,04:55,07:10,Pune,New Delhi,Non Stop,2h 15m,"2,798"
726,IndiGo,22 Mar,16:15,18:30,Pune,New Delhi,Non Stop,2h 15m,"2,798"
727,SpiceJet,22 Mar,06:25,09:00,Pune,New Delhi,Non Stop,2h 35m,"2,909"
728,Air India,4 Apr,16:55,19:50,Chennai,New Delhi,Non Stop,2h 55m,"2,271"
729,Air India,4 Apr,09:55,12:55,Chennai,New Delhi,Non Stop,3h 00m,"2,271"
730,IndiGo,4 Apr,17:00,23:05,Chennai,New Delhi,1 Stop,6h 05m,"2,271"
731,IndiGo,4 Apr,22:30,01:25 + 1 day,Chennai,New Delhi,Non Stop,2h 55m,"2,329"
732,SpiceJet,4 Apr,07:05,09:50,Chennai,New Delhi,Non Stop,2h 45m,"2,566"
733,SpiceJet,4 Apr,22:05,00:50 + 1 day,Chennai,New Delhi,Non Stop,2h 45m,"2,566"
734,IndiGo,4 Apr,18:15,21:05,Chennai,New Delhi,Non Stop,2h 50m,"2,750"
735,IndiGo,4 Apr,19:35,22:30,Chennai,New Delhi,Non Stop,2h 55m,"2,750"
736,Vistara,4 Apr,10:45,13:30,Chennai,New Delhi,Non Stop,2h 45m,"2,777"
737,Vistara,4 Apr,17:25,20:10,Chennai,New Delhi,Non Stop,2h 45m,"2,777"
738,IndiGo,29 Mar,00:45,07:10,Pune,Kolkata,1 Stop,6h 25m,"4,319"
739,IndiGo,29 Mar,00:45,08:20,Pune,Kolkata,1 Stop,7h 35m,"4,319"
740,Air Asia,29 Mar,11:50,15:45,Pune,Kolkata,1 Stop,3h 55m,"4,447"
741,Air Asia,29 Mar,17:50,23:10,Pune,Kolkata,1 Stop,5h 20m,"4,447"
742,Air Asia,29 Mar,19:25,01:35 + 1 day,Pune,Kolkata,1 Stop,6h 10m,"4,447"
743,Air Asia,29 Mar,11:50,19:20,Pune,Kolkata,1 Stop,7h 30m,"4,447"
744,Air Asia,29 Mar,23:50,09:00 + 1 day,Pune,Kolkata,1 Stop,9h 10m,"4,447"
745,Air Asia,29 Mar,19:05,07:10 + 1 day,Pune,Kolkata,1 Stop,12h 05m,"4,447"
746,Air Asia,29 Mar,17:50,07:10 + 1 day,Pune,Kolkata,1 Stop,13h 20m,"4,447"
747,Air Asia,29 Mar,19:25,09:00 + 1 day,Pune,Kolkata,1 Stop,13h 35m,"4,447"
748,IndiGo,23 Mar,14:55,22:00,Patna,Bangalore,1 Stop,7h 05m,"3,549"
749,IndiGo,23 Mar,09:15,12:00,Patna,Bangalore,Non Stop,2h 45m,"4,000"
750,IndiGo,23 Mar,19:25,22:10,Patna,Bangalore,Non Stop,2h 45m,"4,000"
751,IndiGo,23 Mar,01:40,06:55,Patna,Bangalore,1 Stop,5h 15m,"4,001"
752,IndiGo,23 Mar,01:40,08:15,Patna,Bangalore,1 Stop,6h 35m,"4,001"
753,IndiGo,23 Mar,08:25,15:25,Patna,Bangalore,1 Stop,7h 00m,"4,001"
754,IndiGo,23 Mar,10:45,18:30,Patna,Bangalore,1 Stop,7h 45m,"4,001"
755,IndiGo,23 Mar,01:40,09:35,Patna,Bangalore,1 Stop,7h 55m,"4,001"
756,IndiGo,23 Mar,10:45,19:35,Patna,Bangalore,1 Stop,8h 50m,"4,001"
757,IndiGo,23 Mar,01:40,10:35,Patna,Bangalore,1 Stop,8h 55m,"4,001"
758,IndiGo,7 Apr,04:50,10:15,Pune,Lucknow,1 Stop,5h 25m,"4,077"
759,Air India,7 Apr,07:40,13:25,Pune,Lucknow,1 Stop,5h 45m,"4,077"
760,IndiGo,7 Apr,11:05,17:40,Pune,Lucknow,1 Stop,6h 35m,"4,077"
761,IndiGo,7 Apr,07:20,14:35,Pune,Lucknow,1 Stop,7h 15m,"4,077"
762,IndiGo,7 Apr,05:45,13:30,Pune,Lucknow,1 Stop,7h 45m,"4,077"
763,IndiGo,7 Apr,04:50,14:35,Pune,Lucknow,1 Stop,9h 45m,"4,077"
764,IndiGo,7 Apr,00:45,10:35,Pune,Lucknow,1 Stop,9h 50m,"4,077"
765,Air India,7 Apr,07:40,19:40,Pune,Lucknow,1 Stop,12h 00m,"4,077"
766,Air India,7 Apr,18:50,13:25 + 1 day,Pune,Lucknow,1 Stop,18h 35m,"4,077"
767,Air India,7 Apr,18:50,19:40 + 1 day,Pune,Lucknow,1 Stop,24h 50m,"4,077"
768,Go First,22 Mar,20:55,22:55,Pune,New Delhi,Non Stop,2h 00m,"2,564"
769,IndiGo,22 Mar,20:30,22:40,Pune,New Delhi,Non Stop,2h 10m,"2,564"
770,Go First,22 Mar,19:10,21:30,Pune,New Delhi,Non Stop,2h 20m,"2,564"
771,Air Asia,22 Mar,01:30,03:35,Pune,New Delhi,Non Stop,2h 05m,"2,565"
772,Air Asia,22 Mar,17:55,20:10,Pune,New Delhi,Non Stop,2h 15m,"2,565"
773,IndiGo,22 Mar,23:55,02:05 + 1 day,Pune,New Delhi,Non Stop,2h 10m,"2,798"
774,IndiGo,22 Mar,02:00,04:15,Pune,New Delhi,Non Stop,2h 15m,"2,798"
775,IndiGo,22 Mar,04:55,07:10,Pune,New Delhi,Non Stop,2h 15m,"2,798"
776,IndiGo,22 Mar,16:15,18:30,Pune,New Delhi,Non Stop,2h 15m,"2,798"
777,SpiceJet,22 Mar,06:25,09:00,Pune,New Delhi,Non Stop,2h 35m,"2,909"
778,Air India,4 Apr,16:55,19:50,Chennai,New Delhi,Non Stop,2h 55m,"2,271"
779,Air India,4 Apr,09:55,12:55,Chennai,New Delhi,Non Stop,3h 00m,"2,271"
780,IndiGo,4 Apr,17:00,23:05,Chennai,New Delhi,1 Stop,6h 05m,"2,271"
781,IndiGo,4 Apr,22:30,01:25 + 1 day,Chennai,New Delhi,Non Stop,2h 55m,"2,329"
782,SpiceJet,4 Apr,07:05,09:50,Chennai,New Delhi,Non Stop,2h 45m,"2,566"
783,SpiceJet,4 Apr,22:05,00:50 + 1 day,Chennai,New Delhi,Non Stop,2h 45m,"2,566"
784,IndiGo,4 Apr,18:15,21:05,Chennai,New Delhi,Non Stop,2h 50m,"2,750"
785,IndiGo,4 Apr,19:35,22:30,Chennai,New Delhi,Non Stop,2h 55m,"2,750"
786,Vistara,4 Apr,10:45,13:30,Chennai,New Delhi,Non Stop,2h 45m,"2,777"
787,Vistara,4 Apr,17:25,20:10,Chennai,New Delhi,Non Stop,2h 45m,"2,777"
788,IndiGo,29 Mar,00:45,07:10,Pune,Kolkata,1 Stop,6h 25m,"4,319"
789,IndiGo,29 Mar,00:45,08:20,Pune,Kolkata,1 Stop,7h 35m,"4,319"
790,Air Asia,29 Mar,11:50,15:45,Pune,Kolkata,1 Stop,3h 55m,"4,447"
791,Air Asia,29 Mar,17:50,23:10,Pune,Kolkata,1 Stop,5h 20m,"4,447"
792,Air Asia,29 Mar,19:25,01:35 + 1 day,Pune,Kolkata,1 Stop,6h 10m,"4,447"
793,Air Asia,29 Mar,11:50,19:20,Pune,Kolkata,1 Stop,7h 30m,"4,447"
794,Air Asia,29 Mar,23:50,09:00 + 1 day,Pune,Kolkata,1 Stop,9h 10m,"4,447"
795,Air Asia,29 Mar,19:05,07:10 + 1 day,Pune,Kolkata,1 Stop,12h 05m,"4,447"
796,Air Asia,29 Mar,17:50,07:10 + 1 day,Pune,Kolkata,1 Stop,13h 20m,"4,447"
797,Air Asia,29 Mar,19:25,09:00 + 1 day,Pune,Kolkata,1 Stop,13h 35m,"4,447"
798,IndiGo,23 Mar,14:55,22:00,Patna,Bangalore,1 Stop,7h 05m,"3,549"
799,IndiGo,23 Mar,09:15,12:00,Patna,Bangalore,Non Stop,2h 45m,"4,000"
800,IndiGo,23 Mar,19:25,22:10,Patna,Bangalore,Non Stop,2h 45m,"4,000"
801,IndiGo,23 Mar,01:40,06:55,Patna,Bangalore,1 Stop,5h 15m,"4,001"
802,IndiGo,23 Mar,01:40,08:15,Patna,Bangalore,1 Stop,6h 35m,"4,001"
803,IndiGo,23 Mar,08:25,15:25,Patna,Bangalore,1 Stop,7h 00m,"4,001"
804,IndiGo,23 Mar,10:45,18:30,Patna,Bangalore,1 Stop,7h 45m,"4,001"
805,IndiGo,23 Mar,01:40,09:35,Patna,Bangalore,1 Stop,7h 55m,"4,001"
806,IndiGo,23 Mar,10:45,19:35,Patna,Bangalore,1 Stop,8h 50m,"4,001"
807,IndiGo,23 Mar,01:40,10:35,Patna,Bangalore,1 Stop,8h 55m,"4,001"
808,IndiGo,7 Apr,04:50,10:15,Pune,Lucknow,1 Stop,5h 25m,"4,077"
809,Air India,7 Apr,07:40,13:25,Pune,Lucknow,1 Stop,5h 45m,"4,077"
810,IndiGo,7 Apr,11:05,17:40,Pune,Lucknow,1 Stop,6h 35m,"4,077"
811,IndiGo,7 Apr,07:20,14:35,Pune,Lucknow,1 Stop,7h 15m,"4,077"
812,IndiGo,7 Apr,05:45,13:30,Pune,Lucknow,1 Stop,7h 45m,"4,077"
813,IndiGo,7 Apr,04:50,14:35,Pune,Lucknow,1 Stop,9h 45m,"4,077"
814,IndiGo,7 Apr,00:45,10:35,Pune,Lucknow,1 Stop,9h 50m,"4,077"
815,Air India,7 Apr,07:40,19:40,Pune,Lucknow,1 Stop,12h 00m,"4,077"
816,Air India,7 Apr,18:50,13:25 + 1 day,Pune,Lucknow,1 Stop,18h 35m,"4,077"
817,Air India,7 Apr,18:50,19:40 + 1 day,Pune,Lucknow,1 Stop,24h 50m,"4,077"
818,Go First,22 Mar,20:55,22:55,Pune,New Delhi,Non Stop,2h 00m,"2,564"
819,IndiGo,22 Mar,20:30,22:40,Pune,New Delhi,Non Stop,2h 10m,"2,564"
820,Go First,22 Mar,19:10,21:30,Pune,New Delhi,Non Stop,2h 20m,"2,564"
821,Air Asia,22 Mar,01:30,03:35,Pune,New Delhi,Non Stop,2h 05m,"2,565"
822,Air Asia,22 Mar,17:55,20:10,Pune,New Delhi,Non Stop,2h 15m,"2,565"
823,IndiGo,22 Mar,23:55,02:05 + 1 day,Pune,New Delhi,Non Stop,2h 10m,"2,798"
824,IndiGo,22 Mar,02:00,04:15,Pune,New Delhi,Non Stop,2h 15m,"2,798"
825,IndiGo,22 Mar,04:55,07:10,Pune,New Delhi,Non Stop,2h 15m,"2,798"
826,IndiGo,22 Mar,16:15,18:30,Pune,New Delhi,Non Stop,2h 15m,"2,798"
827,SpiceJet,22 Mar,06:25,09:00,Pune,New Delhi,Non Stop,2h 35m,"2,909"
828,Air India,4 Apr,16:55,19:50,Chennai,New Delhi,Non Stop,2h 55m,"2,271"
829,Air India,4 Apr,09:55,12:55,Chennai,New Delhi,Non Stop,3h 00m,"2,271"
830,IndiGo,4 Apr,17:00,23:05,Chennai,New Delhi,1 Stop,6h 05m,"2,271"
831,IndiGo,4 Apr,22:30,01:25 + 1 day,Chennai,New Delhi,Non Stop,2h 55m,"2,329"
832,SpiceJet,4 Apr,07:05,09:50,Chennai,New Delhi,Non Stop,2h 45m,"2,566"
833,SpiceJet,4 Apr,22:05,00:50 + 1 day,Chennai,New Delhi,Non Stop,2h 45m,"2,566"
834,IndiGo,4 Apr,18:15,21:05,Chennai,New Delhi,Non Stop,2h 50m,"2,750"
835,IndiGo,4 Apr,19:35,22:30,Chennai,New Delhi,Non Stop,2h 55m,"2,750"
836,Vistara,4 Apr,10:45,13:30,Chennai,New Delhi,Non Stop,2h 45m,"2,777"
837,Vistara,4 Apr,17:25,20:10,Chennai,New Delhi,Non Stop,2h 45m,"2,777"
838,IndiGo,29 Mar,00:45,07:10,Pune,Kolkata,1 Stop,6h 25m,"4,319"
839,IndiGo,29 Mar,00:45,08:20,Pune,Kolkata,1 Stop,7h 35m,"4,319"
840,Air Asia,29 Mar,11:50,15:45,Pune,Kolkata,1 Stop,3h 55m,"4,447"
841,Air Asia,29 Mar,17:50,23:10,Pune,Kolkata,1 Stop,5h 20m,"4,447"
842,Air Asia,29 Mar,19:25,01:35 + 1 day,Pune,Kolkata,1 Stop,6h 10m,"4,447"
843,Air Asia,29 Mar,11:50,19:20,Pune,Kolkata,1 Stop,7h 30m,"4,447"
844,Air Asia,29 Mar,23:50,09:00 + 1 day,Pune,Kolkata,1 Stop,9h 10m,"4,447"
845,Air Asia,29 Mar,19:05,07:10 + 1 day,Pune,Kolkata,1 Stop,12h 05m,"4,447"
846,Air Asia,29 Mar,17:50,07:10 + 1 day,Pune,Kolkata,1 Stop,13h 20m,"4,447"
847,Air Asia,29 Mar,19:25,09:00 + 1 day,Pune,Kolkata,1 Stop,13h 35m,"4,447"
848,IndiGo,23 Mar,14:55,22:00,Patna,Bangalore,1 Stop,7h 05m,"3,549"
849,IndiGo,23 Mar,09:15,12:00,Patna,Bangalore,Non Stop,2h 45m,"4,000"
850,IndiGo,23 Mar,19:25,22:10,Patna,Bangalore,Non Stop,2h 45m,"4,000"
851,IndiGo,23 Mar,01:40,06:55,Patna,Bangalore,1 Stop,5h 15m,"4,001"
852,IndiGo,23 Mar,01:40,08:15,Patna,Bangalore,1 Stop,6h 35m,"4,001"
853,IndiGo,23 Mar,08:25,15:25,Patna,Bangalore,1 Stop,7h 00m,"4,001"
854,IndiGo,23 Mar,10:45,18:30,Patna,Bangalore,1 Stop,7h 45m,"4,001"
855,IndiGo,23 Mar,01:40,09:35,Patna,Bangalore,1 Stop,7h 55m,"4,001"
856,IndiGo,23 Mar,10:45,19:35,Patna,Bangalore,1 Stop,8h 50m,"4,001"
857,IndiGo,23 Mar,01:40,10:35,Patna,Bangalore,1 Stop,8h 55m,"4,001"
858,IndiGo,7 Apr,04:50,10:15,Pune,Lucknow,1 Stop,5h 25m,"4,077"
859,Air India,7 Apr,07:40,13:25,Pune,Lucknow,1 Stop,5h 45m,"4,077"
860,IndiGo,7 Apr,11:05,17:40,Pune,Lucknow,1 Stop,6h 35m,"4,077"
861,IndiGo,7 Apr,07:20,14:35,Pune,Lucknow,1 Stop,7h 15m,"4,077"
862,IndiGo,7 Apr,05:45,13:30,Pune,Lucknow,1 Stop,7h 45m,"4,077"
863,IndiGo,7 Apr,04:50,14:35,Pune,Lucknow,1 Stop,9h 45m,"4,077"
864,IndiGo,7 Apr,00:45,10:35,Pune,Lucknow,1 Stop,9h 50m,"4,077"
865,Air India,7 Apr,07:40,19:40,Pune,Lucknow,1 Stop,12h 00m,"4,077"
866,Air India,7 Apr,18:50,13:25 + 1 day,Pune,Lucknow,1 Stop,18h 35m,"4,077"
867,Air India,7 Apr,18:50,19:40 + 1 day,Pune,Lucknow,1 Stop,24h 50m,"4,077"
